                     ,,,,,,,,,
Marca/Make,Motor/Engine,"Nº Original /
OEM #",N°300-INDY,A/E,D.E,D.I,H,µ,"Cant. por juego / 
QTY per box"
,,,,,[mm],,,,
ADAPTACIONES (semi-finished),Para motores de GNC y TURBO ADAPTACION 30 MM X 22 MM X 9 MM,NUEVO/NEW,A6690,A / E,30,22,9,45º,6
ADAPTACIONES (semi-finished),Para motores de GNC y TURBO ADAPTACION 36MM X 27 MM X 10 MM,NUEVO/NEW,A6691,A / E,36,27,10,45º,6
ADAPTACIONES (semi-finished),Para motores de GNC y TURBO ADAPTACION 39MM X 27 MM X 10 MM,NUEVO/NEW,A9962,A / E,39,27,10,45º,6
ADAPTACIONES (semi-finished),Para motores de GNC y TURBO ADAPTACION 40MM X 31 MM X 10 MM,NUEVO/NEW,A6693,A / E,40,31,10,45º,6
ADAPTACIONES (semi-finished),Para motores de GNC y TURBO ADAPTACION 60MM X 44 MM X 12 MM,NUEVO/NEW,A6699,A / E,60,44,12,45º,6
ADAPTACIONES (semi-finished),"Para motores de GNC y TURBO ADAPTACION 43,50MM X 30 MM X 10 MM",NUEVO/NEW,A6694,A / E,43.5,30,10,45º,6
ADAPTACIONES (semi-finished),"Para motores de GNC y TURBO ADAPTACION 44,50MM X 31 MM X 10MM",NUEVO/NEW,A6695,A / E,44.5,31,10,45º,6
ADAPTACIONES (semi-finished),"Para motores de GNC y TURBO ADAPTACION 46,50MM X 34 MM X 10 MM",NUEVO/NEW,A6696,A / E,46.5,34,10,45º,6
ADAPTACIONES (semi-finished),Para motores de GNC y TURBO ADAPTACION 48MM X 35 MM X 10 MM,NUEVO/NEW,A6697,A / E,48,35,10,45º,6
ADAPTACIONES (semi-finished),Para motores de GNC y TURBO ADAPTACION 55MM X 44 MM X 10 MM,NUEVO/NEW,A6698,A / E,55,44,10,45º,6
ALCO,"ASIENTO VALV. ALCO ADM
 251-16V-9X10-1/2",222118-17,A5177,ESC,80.86,67,14.3,30º,0
ALCO,"ASIENTO VALV. ALCO ESC
 251-16V-9X10-1/2",222118-15,A5178,ESC,80.86,67.5,13.55,45º,0
AUDI,ASIENTO VALV. AUDI ESC - 4000 S 5000S QUATTROWAGON,,A5180,ESC,33.05,27.7,7.5,45º,4
AUDI,ASIENTO VALV. AUDI ADM - 4000 S 5000S QUATTROWAGON,,A5179,ADM,35.05,29,8,45º,4
BEDFORD,ASIENTO VALV. BEDFORD 57/70 ESC -  BEDFORD-CHEVROLET 4,,A5239,ESC,45,33,9,30º,6
BEDFORD, ASIENTO VALV.BEDFORD 57/70 ADM. -CHEVROLET 6 -  57/70 ADM,,A5240,ADM,48,35,7,30º,4
BORGWARD,"ASIENTO VALV. VM BORGWARD ESC
 VM HR88/92 Normal",,A5092,ESC,35.03,28,8,45º,4
BORGWARD,"ASIENTO VALV.  BORGWARD ESC
 VM HR88/92/94 H-HT-Turbo Diesel",20440027B02,A5281,ESC,36.06,29,7,45º,6
BORGWARD,"ASIENTO VALV. VM BORGWARD ADM
 VM HR88/92/94 H-HT-Turbo Diesel",20440019B02,A5091,ADM,42.08,34,8,35º,4
BORGWARD,ASIENTO VALV.VM BORGWARD,20440026A06,A5639,ADM,49.07,39,9.55,30º,6
CASE,ASIENTO VALV. CASE 830 A-E,,A5143,A-E,44.08,35.3,8.3,45º,6
CATERPILLAR,ASIENTO VALV.CATERPILLAR  2106 3204,,A5162,ESC,41.92,32.5,8.9,45º,6
CATERPILLAR,"ASIENTO VALV.CATERPILLAR 3126E  ADM.
442 C.I (7.2L) 3126B C7 18V (12ADM, 6 ESC) ACERT",1559504,A5673,ADM,42.06,35.8,6.55,30º,6
CATERPILLAR,"ASIENTO VALV. CATERPILLAR D343 ESC,
 3406/3408/3412-D343D3",9S 9699 - 1W 5283,A5029,ESC,42.85,36.5,9.27,45º,6
CATERPILLAR,"ASIENTO VALV.CATERPILLAR 3114 ESC.
4C / 3,116 6C 30º  120H GMC  12-170 Cod, viejo A5034",1W 2713,A5554,ESC,43,37,5.95,30º,6
CATERPILLAR,"ASIENTO VALV. CATERPILLAR D343 ADM.
 3406/3408/3412-D343D3",9M 3205 - 4N 5893,A5028,ADM,46.02,39.68,9.27,45º,6
CATERPILLAR,"ASIENTO VALV. CATERPILLAR 3208 ESC
 3204/3208 N.A, 3204/3208 Turbo",9N 2837,A5299,ESC,48.56,41.27,7.14,45º,0
CATERPILLAR,"ASIENTO VALV. CATERPILLAR 3114 ADM.
 3,114 4C / 3,116 6C 30º  120H GMC  12-170 Cod, viejo A5035",126 0453 - 7W 8065,A5553,ADM,50,43.3,5.95,30º,6
CATERPILLAR,"ASIENTO VALV. CATERPILLAR  3304-3306 ESC,",2W 4837,A5496,ESC,50.89,43,8,7º,6
CATERPILLAR,"ASIENTO VALV. CATERPILLAR  3306 ESC
 D330C, D333C, 3304, 3306, 977, 1673 cc",5S 7221 - 1W 5321,A5013,ESC,51.1,42.92,11.12,30º,6
CATERPILLAR,ASIENTO VALV. CATERPILLAR 3304-3306 ADM.,7N 4448,A5497,ADM,52.03,44.9,8.5,11º,6
CATERPILLAR,"ASIENTO VALV. CATERPILLAR 3306 ADM,
 D330C, D333C, 3304, 3306, 977, 1673 cc",5S 7218,A5012,ADM,54.07,45.97,11.12,30º,4
CATERPILLAR,"ASIENTO VALV. CATERPILLAR 3204 ADM.
 3204/3208 N.A, 3204/3208 Turbo",2N 8943,A5181,ADM,54.61,47.23,7.42,45º,8
CATERPILLAR,ASIENTO VALV. CATERPILLAR CT150-A002 3500 GNC A-E,6I-1713,A5548,A-E,60.12,48,11.7,20º,6
CATERPILLAR,"ASIENTO VALV. CATERPILLAR ESC.
 D353/79/98,G353/79/98/99,D399/D9",8M 4014,A5406,ESC,61.85,53.98,15.88,45º,0
CATERPILLAR,"ASIENTO VALV. CATERPILLAR D8 ESC.
 3306 Asp Normal y Turbo",8M-9810,A5011,ESC,63.6,50.8,12.7,45º,6
CATERPILLAR,ASIENTO VALV. CATERPILLAR ADM.  3306 Asp Normal y Turbo,9M 8745,A5014,ADM,63.6,52.4,12.7,45º,6
CATERPILLAR,"ASIENTO VALV. CATERPILLAR ADM.
 D353/79/98,G353/79/98/99,D399/D9",5S 1757,A5405,ADM,65.79,57.95,15.88,45º,0
CATERPILLAR,"ASIENTO VALV. CATERPILLAR 3126E ESC,
442 C.I (7.2L) 3126B C7 18V (12ADM, 6 ESC) ACERT",1478218,A5672,ESC,46.07,39.4,6.1,45º,6
CATERPILLAR,"ASIENTO VALV. CATERPILLAR 1673 CA ESC,",,A5361,ESC,49.2,39.7,11.1,45º,6
CATERPILLAR,3406/3408/3412 C15--C32 - ADAPTACION,,A9292,ESC,42.85,36.38,9.27,45°,
CATERPILLAR,3406 C15 C16 C18 C27 C32 - ADAPTACION,,A9291,ADM,48.03,40.86,7.81,30°,
CHEVROLET,"ASIENTO VALV. GM Cruze 1,8 L 16v",55559962,A5691,ESC,28.18,22.5,5.7,,0
CHEVROLET,"ASIENTO VALV.CHEVROLET CORSA/ASTRA ESC,
Corsa GSI-GLS, Tigra, Astra, Vectra Motor 1,6 C16XE DOCH 16V",,A5522D,ESC,28.25,22,6,45º,0
CHEVROLET,"ASIENTO VALV. GM Cruze 1,8 L 16v",24405801,A5692,ADM,31.68,27.5,5.35,,0
CHEVROLET,"ASIENTO VALV. CHEVROLET CORSA,ASTRA 1,6 ADM.
Corsa GSI-GLS, Tigra, Astra, Vectra Motor 1,6 C16XE DOCH 16V",,A5514D,ADM,31.75,27.5,6,45º,0
CHEVROLET,"ASIENTO VALV.CHEVROLET CORSA 1,6 NAFTA GNC 8V ESC",,A5488,ESC,32.65,26.5,6,45º,4
CHEVROLET,"ASIENTO VALV.CHEVROLET ASTRA  / BLAZER ESC.
Vectra, Kadet, Monza, Omega Motor C18NZ/C20NE 1,8-2,0-2,2I,
- Astra 2,0 i Blazer 2,2i,- Pick Up S10 2,2i nafta", ,A5527D,ESC,37.65,30.15,7.7,45º,4
CHEVROLET,"ASIENTO VALV. CHEVROLET 250 ESC,
 230/250/GIVC 2.2L/153/181",,A5216,ESC,39.5,31.7,7,45º,6
CHEVROLET,"ASIENTO VALV.CHEVROLET CORSA 1,6 ADM.",,A5487,ADM,39.75,33,6,45º,4
CHEVROLET,"ASIENTO VALV.CHEVROLET ASTRA  / BLAZER 1,8/2,0/2,2 ADM,
Vectra, Kadet, Monza, Omega Motor C18NZ/C20NE 1,8-2,0-2,2I,
- Astra 2,0 i Blazer 2,2i,- Pick Up S10 2,2i nafta", ,A5513D,ADM,44.65,37,7.7,45º,0
CHEVROLET,"ASIENTO VALV. CHEVROLET 250 ADM.
 230/250/GIVC 2.2L/153/181",,A5215,ADM,46,39,7,45º,6
CHEVROLET,ASIENTO VALV. CHEVROLET 366 (66/87) 427-45 ESC.,,A5122,ESC,46.8,36.5,9,45º,6
CHEVROLET,ASIENTO VALV.CHEVROLET ADAP. ESC.,,A5229,ESC,47,33,8,30º,6
CHEVROLET,ASIENTO VALV. CHEVROLET 366 (66/87) 427-45 ADM.,,A5120,ADM,50.88,42.75,7.1,30º,6
CHRYSLER,ASIENTO CHRYSLER,504 0910 2320 F,A5725,ADM,43.09,34.43,8.05,15º,
CHRYSLER,ASIENTO CHRYSLER, 504 0910 2385 F,A5724,ESC,47.39,40.1,7.7,30º,
CHRYSLER,ASIENTO CHRYSLER,,A5722,ADM,53.11,43.1,9.65,45º,
CHRYSLER,ASIENTO CHRYSLER,,A5723,ESC,60.11,51.1,8.85,30º,
CUMMINS,"ASIENTO VALV. CUMMINS ISB ESC
Serie ISBC Electrónico 24 válvulas MODELO ORIGINAL",3939723,A9088,ESC,35.05,28,5.75,45º,6
CUMMINS,"ASIENTO VALV. CUMMINS ISB ADM
Serie ISBC Electrónico 24 válvulas MODELO ORIGINAL",3939719 - 3943449,A9099,ADM,35.05,28.1,5.75,30º,6
CUMMINS,"ASIENTO VALV. CUMMINS ISB
Serie ISB Electronico 24 valvulas ",,A5065,A-E,35.07,28,5.8,45º,6
CUMMINS,"ASIENTO VALV. CUMMINS ISC ADM
Serie ISC Electrónico 24 válvulas MODELO ORIGINAL",3940152,A5689,ADM,39.47,32.5,6,30º,6
CUMMINS,"ASIENTO VALV. CUMMINS ISC ESC
Serie ISC Electrónico 24 válvulas MODELO ORIGINAL",3968074,A5690,ESC,39.47,33,5,45º,6
CUMMINS,ASIENTO VALV. CUMMINS QSX 15,,A5064,A-E,39.5,31.7,7,45º,6
CUMMINS,"ASIENTO VALV. CUMMINS ISCe ADM,
CUMMINS 24 VALV.  8.3 - 9 LTS   FORD CARGO 1832 ELECT. QSL9 - ISC - ISL - ISLE - ISL GAS 6 LTA ",ADAPTACION,A9229,ADM,39.5,32.5,6,30º,6
CUMMINS,"ASIENTO VALV. CUMMINS ISCe ESC,
CUMMINS 24 VALV.  8.3 - 9 LTS   FORD CARGO 1832 ELECT. QSL9 - ISC - ISL - ISLE - ISL GAS 6 LTA ",ADAPTACION,A9230,ESC,39.5,32.5,6,45º,6
CUMMINS,"ASIENTO VALV. CUMMINS V6 V8 ADM,",195001,A5614,ADM,43.1,36.7,4.53,30º,6
CUMMINS,"ASIENTO VALV. CUMMINS SERIE B ESC,
4B 4BT 6B 6BT",3904105,A5252,ESC,43.73,34.5,6.72,45º,6
CUMMINS,ASIENTO VALV. CUMMINS L10 M11 ADM,3820700,A5623,ADM,46.02,38.6,5.7,30º,6
CUMMINS,ASIENTO VALV. CUMMINS L10 M11 ESC,"3028070 / 3820180 / 3028071 +0,25",A5624,ESC,46.02,36.8,5,30º,6
CUMMINS,"ASIENTO VALV. CUMMINS  LTA A-E
L10, M11 MECANICO / ELECTRONICO",3028070,A5545,A-E,46.05,36.7,5,30º,6
CUMMINS,"ASIENTO VALV. CUMMINS NVH450  A-E
V 1486 V/VT600",69965,A5432D,A-E,46.9,39.6,7,30º,0
CUMMINS,"ASIENTO VALV. CUMMINS SERIE B ADM
4B 4BT 6B 6BT",3906854,A5251,ADM,47.07,37.95,6.9,30º,6
CUMMINS,"ASIENTO VALV. CUMMINS MOT. SERIE C ESC
 8.3 I Turbo Aftercooler Diesel FORD CARGO","Std-3929005 / +0.25 -3929006 /
 +0.50 -3929007",A5273,ESC,47.1,40,5.85,45º,6
CUMMINS,ASIENTO VALV. CUMMINS MOT. SERIE C MOT 6CT ESC,3904716,A9008,ESC,47.17,39.98,5.8,45º,6
CUMMINS,"ASIENTO VALV. CUMMINS N14 ELECTRONICO ESC,",3084041,A5612,ESC,49.61,41.72,5.49,45º,6
CUMMINS,"ASIENTO VALV. CUMMINS N14 ELECTRONICO ADM,",3084020,A5613,ADM,49.62,41.5,4.92,20º,6
CUMMINS,"ASIENTO VALV. CUMMINS 230 A-E
 NH 230/250, NHC230/250, NT280/300/10/35/420, NTA, NTC, CT, VT700, VT1710",127930,A5027,A-E,50.88,42.9,7.14,30º,6
CUMMINS,ASIENTO VALV. CUMMINS N 855 A-E,3017759,A5433,A-E,50.95,42.9,7,30º,6
CUMMINS,"ASIENTO VALV. CUMMINS N14 ESC,",3069692,A5695,ESC,50.95,43.05,5.43,30º,6
CUMMINS,"ASIENTO VALV. CUMMINS N 14 ADM,","3054590-3054600 / 3054591+0,10/ 
 3054592+0,20",A5610,ADM,51.1,42.8,5.42,30º,6
CUMMINS,"ASIENTO VALV. CUMMINS SERIE C ADM
8.3 I Turbo Aftercooler Diesel FORD CARGO","Std-3924582 / +0.25 -3925468 /
 +0.50 -3925470",A5278,ADM,54,44.5,8.2,30º,6
CUMMINS,"ASIENTO VALV. CUMMINS SERIE 6CT ADM,",3908830,A5609,ADM,54.07,44.5,7.8,30º,6
CUMMINS,"ASIENTO VALV. CUMMINS ADM.
 SERIE K, KT 450, KT150, KTA 600, KTA 2300",3052819 - 3026296,A5341,ADM,60.48,49,8.2,30º,6
CUMMINS,"ASIENTO VALV.CUMMINS 205093 ESC
SERIE K, KT 450, KT150, KTA 600, KTA 2300",205093,A5342,ESC,60.48,51.6,8.2,30º,6
CUMMINS,ASIENTO VALV. CUMMINS ISX DIESEL ESC.,3683349    3679537,A5615,ESC,47.6,39.7,6.1,45º,6
CUMMINS,adaptacion Cummins,,A9293,,60.45,49.06,7.9,,
CUMMINS,adaptacion Cummins,,A9294,,60.45,49.75,7.9,,
DETROIT,ASIENTO DE VALV.DETROIT S 53 (60-73) IMATER A-E,5116361-ND/8921501,A5182,A-E,29.5,23.65,5.65,30º,6
DETROIT,ASIENTO VALV. DETROIT S 71E A-E,5101101,A5015,ESC,32.07,24.5,6.36,30º,6
DETROIT,ASIENTO VALV.DETROIT S 71E A-E,,A5109,A-E,32.07,25.3,6.35,45º,4
DETROIT,ASIENTO VALV.DETROIT S92 A-E,5148490,A5264,A-E,36.66,29.3,6.37,30º,6
DETROIT," ASIENTO VALV.DETROIT S 60 ESC,",8929126,A5618,ESC,41.35,34.5,6.3,30º,0
DETROIT, ASIENTO VALV.DETROIT S 60 ADM.,8929127,A5619,ADM,46.2,39.9,7.2,30º,6
DETROIT,ASIENTO VALV.DETROIT GM S149 MATERIALMAGNE A-E,5139982,A5088,A-E,48.23,38.9,6.95,30º,4
DEUTZ,ASIENTO VALV. DEUTZ 913 ESC,,A5164,ESC,40.16,32.5,9,45°,6
DEUTZ,ASIENTO VALV. DEUTZ 913 SIDAC ADM,,A5166,ADM,45.66,36,8.85,30°,6
DEUTZ,ASIENTO ESC DEUTZ F1L514,,A9139,ESC,44.17,38.1,10.95,45º,0
DEUTZ,ASIENTO VALV.DEUTZ TCD 2013-4V ESC,4900636,A5705,ESC,36.81,28.4,7.5,60º,4
DEUTZ,ASIENTO VALV.DEUTZ  BF 4M/6M 1012 ESC ,0419 2396,A5409,ESC,36.98,30.2,7.5,45º,6
DEUTZ,ASIENTO VALV.DEUTZ TCD 2013-4V ADM,4900631,A5704,ADM,39.31,31.3,7.5,45º,4
DEUTZ,"ASIENTO VALV.DEUTZ 913 ESC
 F6L913/F1L812/F2L912D",0213 7306,A5031,ESC,40.16,31,9.75,45º,6
DEUTZ,ASIENTO VALV.DEUTZ 913 ESC,0415 4598,A5195,ESC,40.16,30,8.6,30º,0
DEUTZ,ASIENTO VALV. DEUTZ 913 TURBO ESC,,A5262,ESC,40.16,29.9,8.56,30º,6
DEUTZ,ASIENTO DEUTZ 913,99447343,A6685,ADM,41.07,31,11.8,45º,0
DEUTZ,ASIENTO VALV. DEUTZ FL 1011,0417 0178,A5560,ESC,42.67,34.2,7.5,45º,0
DEUTZ,"ASIENTO VALV. DEUTZ ADM.
  BF 4M/6M 1012",0419 2397,A5410,ADM,42.78,33.75,6.8,30º,0
DEUTZ,"ASIENTO VALV. DEUTZ ADM. 1013
  BF 4M/6M 1013",0425 2443,A5473,ESC,43.6,35,7.9,45º,6
DEUTZ,ASIENTO VALV.DEUTZ BF6M 1015C GAS ADM.,0490 2043,A5668,ESC,44.07,35.5,7,30º,6
DEUTZ,"ASIENTO VALV. DEUTZ ESC,",0422 0789,A5470,ESC,44.08,35.5,7,45º,6
DEUTZ,"ASIENTO VALV. DEUTZ 913 ADM
F6L 913/F1L 812/F2L91",0213 7302,A5030,ADM,45.66,36,10,45º,6
DEUTZ,ASIENTO VALV. DEUTZ 514 ACERO ESC,0335 8922,A5136,ESC,44.18,38.2,11,30º,4
DEUTZ,ASIENTO VALV. DEUTZ 913 GAS,,A5335,ADM,45.66,36,10,25°,6
DEUTZ,ASIENTO VALV. DEUTZ 913 TURBO ADM.,0415 3681,A5196,ADM,45.66,35.5,8.8,30º,6
DEUTZ,ASIENTO VALV. DEUTZ 913 ADM.,0423 1325,A5197,ADM,45.66,38,9.3,45º,0
DEUTZ,ASIENTO VALV. DEUTZ 2114 ESC,20459ED0152-08,A5139,ESC,47.18,41,11.5,"44,3º",4
DEUTZ,"ASIENTO VALV. DEUTZ ADM.
  BF 6M/8M 1015",0422 0795,A5471,ADM,47.57,38.65,6.6,30º,6
DEUTZ,"ASIENTO VALV. ADM. 1013
  BF 4M/6M 1013",0425 2442,A5472,ADM,49.1,39,7.5,30º,6
DEUTZ,"ASIENTO VALV. DEUTZ 413 FW ESC.
 413 FL 413 F413 F W",,A5137,ESC,49.18,37,11.5,45º,4
DEUTZ,"ASIENTO VALV. DEUTZ 413 GNC ESC,",02427941EZ0148-08,A5649,ESC,49.18,37,11.45,45º,4
DEUTZ,ASIENTO VALV. DEUTZ 2114  1114 ADM.,20457ED0152-08,A5140,ADM,53.18,44,11.5,45º,4
DEUTZ,"ASIENTO VALV. DEUTZ 413 FW ADM
 413 FL 413 F413 F W",,A5138,ADM,56.18,47,11.8,45º,4
DEUTZ,ASIENTO VALV. DEUTZ 514 ACERO ADM,0335 8917,A5135,ADM,47.18,41.2,10,30º,6
DEUTZ,ASIENTO VALV. DEUTZ 413 GNC ADM.,02427782EZ0148-08,A5648,ADM,56.18,44.9,10.6,30º,4
DODGE,ASIENTO VALV. DODGE 350  A-E,,A5349,A-E,41.4,33.5,10,45º,6
DODGE,"ASIENTO VALV. DODGE  1500/1800-GNC ESC,",,A5212,ESC,33,26,7,45º,4
DODGE,ASIENTO VALV. DODGE  1500/1800-GNC ADM.,,A5211,ADM,39.5,31.7,7,45º,4
DODGE,"ASIENTO VALV. DODGE ESC,",,A5203,ESC,42.7,31.7,8,30º,6
DODGE,ASIENTO VALV. DODGE 361 - 413 (60-77) ADM.,,A5119,ADM,51.08,44.5,10,45º,6
FIAT,"FIAT 600 / 600D - 600E - 750
",,A9078,ESC,25.2,20,6.5,45°,
FIAT,FIAT IVECO TURBO 190E42,4673864C.61,A9123,ESC,51.09,41,9.95,45°,
FIAT, MOT:  619 N1/691/693T/697/N/180 NC/300PC,4671769,A9127,ADM,61.08,51,8,45°,
FIAT,600D - 600E - 750,,A9132,ADM,27.2,20.8,6.5,45°,
FIAT,"ASIENTO VALV. FIAT PALIO/UNO ESC,
FIRE 1,3  16V ",,A5533,ESC,24.03,19.5,7,45º,4
FIAT,"ASIENTO VALV. FIAT PALIO/UNO ESC,
 FIRE 1.3 16V - 8V",,A9092D,ESC,24.15,18.5,7,45º,4
FIAT,ASIENTO VALV. FIAT 600 750 ESC.,,A5111,ESC,25,19.8,6,45º,4
FIAT,ASIENTO VALV. FIAT 600 750 ADM.,,A5110,ADM,27,21,6,45º,4
FIAT,"ASIENTO VALV. FIAT PALIO/UNO ADM.
 FIRE 1,3  16V",,A5534,ADM,28.03,22.8,6.45,45º,4
FIAT,"ASIENTO VALV. FIAT FIRE 1,3 8V ESC.",,A5642,ESC,28.7,24.3,8.5,45º,4
FIAT,"ASIENTO VALV.FIAT PALIO/SIENA/MAREA 1580 CC  16V ESC,",,A5520,ESC,30.1,24,8,,4
FIAT,"ASIENTO VALV. MOTOR FIRE 1,3 8V",,A9131,ADM,31.6,24.46,8,45º,4
FIAT,ASIENTO VALV. FIAT PALIO/SIENA/MAREA 1580 CC / E-TORQ?,,A5519,ADM,31.7,26.5,8,,4
FIAT,"ASIENTO VALV. FIAT 147/DUNA ESC
 1300 cc DIESEL DUNA",,A5101,ESC,32.09,26,9.5,45º,4
FIAT,"ASIENTO VALV. FIAT EUROPA REGATA 1,4-1,5 ESC,",,A5308,ESC,32.6,24.3,9.5,45º,4
FIAT,"ASIENTO VALV. FIAT TIPO 1,4/1,6 ESC,",,A5151,ESC,32.65,27,9.5,45º,4
FIAT,"ASIENTO VALV. FIAT FIRE 1,3 8V ADM.",,A5641,ADM,32.7,28,8.8,45º,4
FIAT,"ASIENTO VALV. FIAT 1500 ESC,",,A5146,ESC,33,26,7,45º,4
FIAT,"ASIENTO VALV. FIAT 147/DUNA ADM.
1300cc DIESEL DUNA-",,A5102,ADM,34.65,28,9.5,45º,4
FIAT,ASIENTO VALV. IVECO TECTOR 170 ADM.,4897576,A5714,ADM,34.92,28,5.75,30º,6
FIAT,ASIENTO VALV. IVECO TECTOR 170 ESC.,4897106,A5715,ESC,34.92,28,5.75,45º,6
FIAT,"ASIENTO VALV. FIAT DUNA 1,7 DIESEL ESC.",46466192,A5149,ESC,35.1,29.5,9.5,45º,4
FIAT,ASIENTO VALV. FIAT DUCATO DAILY/GRINTO  ESC,A 726485,A5330,ESC,35.3,29.4,8.2,45º,4
FIAT,"ASIENTO VALV. FIAT 128 EUROPA ADM
REGATTA",,A5304,ADM,35.6,28,9.5,45º,4
FIAT,ASIENTO VALV. FIAT 1500 ADM.,,A5147,ADM,37.01,31,7,45º,4
FIAT,ASIENTO VALV. FIAT 1500 ADM.,76168390,A5444,ADM,37.1,31.2,9.4,60º,0
FIAT,ASIENTO VALV. FIAT 1300 ADM.,76190750,A5445,ADM,37.1,28.2,9.4,45º,4
FIAT,"DUCATO, PALIO, SIENA 1.7 DIESEL / 1.9 TD
1.7/19 Turbo Dies Ducato,Palio,Siena",,A5394,ESC,37.65,30,7,45º,4
FIAT,"ASIENTO VALV.FIAT TIPO 1,4/1,6 ADM.",,A5152,ADM,38.35,33,9.5,45º,4
FIAT,"ASIENTO VALV.FIAT DUNA 1,7 DIESEL TURBO ADM,",5990530,A5150,ADM,39.1,33.6,9.5,45º,4
FIAT,"ASIENTO VALV. FIAT 150 TURBO ESC.
IVECO 150-160 TURBO",98495493,A5118,ESC,39.15,31.1,7.46,30º,6
FIAT,"ASIENTO VALV. FIAT 400/500 ESC.
FIAT - CP3 130/130PT/673N/NR ",,A9101,ESC,39.16,30.94,8.15,45º,6
FIAT,"ASIENTO VALV .FIAT 400/500 ESC
CP3/673N/130",,A5186,ESC,39.17,31.2,8.2,45º,6
FIAT,ASIENTO VALV. FIAT 150 TURBO ESC.,,A5530,ESC,39.18,31,7.45,30º,6
FIAT,"ASIENTO VALV. FIAT TIPO 1,6 SPI MPI  A-E",7618444,A5184,ADM/ESC,40.15,35.6,9.5,45º,4
FIAT,ASIENTO ESC. IVECO CURSOR 8 ESC,99447343,A5678,ESC,41.07,32,7.4,45º,6
FIAT,ASIENTO ADM. IVECO CURSOR 8 ADM.,99456802,A5677,ADM,42.07,32.95,7.05,30º,6
FIAT,"ASIENTO VALV. FIAT DUCATO SIENA 1,7 ADM.
 1.7/19 Turbo Dies Ducato,Palio,Siena",,A5393,ADM,42.25,35,7,45º,4
FIAT,"ASIENTO VALV.IVECO CURSOR 10-STRALIS-EURO STAR EUROTECH MP ESC
CURSOR 10 - STRALIS AS/AD/AT 190/260/440 -
EURO TECH MP 190/260/440 - EURO STAR LD 190/260/440",99466612,A9368,ESC,43.12,34.6,7.8,30º,6
FIAT,ASIENTO VALV. FIAT DUCATO DAILY/GRINTO ADM.,A 741916,A5329,ADM,43.3,34.5,8.2,30º,4
FIAT,"ASIENTO VALV. FIAT EURO TECH ESC,",500310811,A5633,ESC,44.06,36,8.35,45º,6
FIAT,ASIENTO VALV. FIAT 150 TURBO 160 TURBO ADM.,,A5148,ADM,46.15,37,7.5,30º,6
FIAT,ASIENTO VALV. FIAT 400/500 CP3/673N/13,,A5185,ADM,46.17,38.2,8.2,45º,4
FIAT,ASIENTO VALV. FIAT IVECO EURO TRAKKER CURSOR 13,99450512,A5634,ESC,47.07,38.5,7.8,20º,6
FIAT,ASIENTO VALV. FIAT EURO TRAKKER CURSOR 13,99450511,A5635,ADM,49.27,38.5,7.7,18º,6
FIAT,ASIENTO VALV. FIAT 190 TURBO ESC.,4673864C.61,A5188,ESC,51.07,41.1,9.95,30º,6
FIAT,"ASIENTO VALV. FIAT 619 ESC
 619 N1/691/693/697/N/180N",4671770,A5021,ESC,51.09,43,8,45º,6
FIAT,ASIENTO VALV. FIAT EURO TECH ADM,500310810,A5636,ADM,51.09,41.5,7.9,30º,6
FIAT,ASIENTO VALV. FIAT 619 ESC,4671770,A9118,ESC,51.1,43.08,7.98,45º,6
FIAT,ASIENTO VALV. FIAT 190 TURBO ADM,4849707,A5187,ADM,59.07,48,9,30º,6
FIAT,"ASIENTO VALV.FIAT 619 ADM
 619 N1/691/693T/697/N/180",4671769,A5020,ADM,61.09,50.85,8,45º,6
FORD,ASIENTO VALV.FORD ADAP F 100,,A5249,ESC,42,34,10,45º,6
FORD,FOCUS/FIESTA - Zetec 1.8 i / 2.0 16v Nafta/GNC,,A5510D,ESC,29.85,23.5,6.5,45°,
FORD,FOCUS/Fiesta - Zetec E 1.8i / 2.0 16v. Nafta/GNC,,A5521D,ADM,33.65,27.5,6.2,45°,
FORD,Eco Sport/Fiesta zETEC Rocam 1.4/1.6 i. 8v GNC,,A5551D,ESC,36.2,30,6,45°,
FORD,"ASIENTO VALVULA Ford Ranger motor PUMA 3.2, 5 Cil. 4V, TURBO ESC",,A9376,ESC,27,21.7,5.3,45º,4
FORD,"ASIENTO VALV.FORD ZETEC 1,8 16VALV. ESC
Mondeo, Fiesta, Escort, Focus Zetec E 1,8i-2,0i 16v",,A5348,ESC,29.85,23,6.2,45º,4
FORD,ASIENTO VALV.FORD ESCORT ESC,84AU 6057-A,A5440,ESC,30.5,25.5,6,45º,0
FORD,"ASIENTO VALVULA Ford Ranger motor PUMA 3.2, 5 Cil. 4V, TURBO ADM",,A9375,ADM,30.5,24,5.3,30º,4
FORD,"ASIENTO VALV.FORD RANGER Motor NGD 3,0 cc. ESC",541128,A5699,ESC,31.05,24.18,5.08,-,4
FORD,ASIENTO VALV. FORD FIESTA /KA ESC,,A5245,ESC,31.2,24.3,6,45º,4
FORD,"ASIENTO VALV.FORD ENDURA 1,0-1,3 ADM.",97BM 6057 A1A,A5443,ESC,31.6,25.5,6,45º,4
FORD,ASIENTO VALV.FORD FIESTA/ ESCORT ESC,,A5250,ESC,33.01,27,6,45º,4
FORD,"ASIENTO VALV.FORD FIESTA DIESEL ESC
Fiesta CLD. CLXD, Escort, Orion, Courier 1,8i Diesel- Mondeo 1,8i Turbo diesel",,A5324,ESC,33.1,27.1,6.5,45º,4
FORD,"ASIENTO VALV.FORD ZETEC 1,8 16VALV. ADM
Mondeo, Fiesta, Escort, Focus Zetec E 1,8i-2,0i 16v",79NU 6E 087A,A5437,ADM,33.62,27.5,6,-,4
FORD,ASIENTO VALV. FORD FIESTA DIESEL ESC,,A5247,ESC,34,27.5,6.5,45º,4
FORD,"ASIENTO VALV.FORD RANGER MOTOR NGD 3,0 cc. ADM",541110,A5698,ADM,34.05,27.5,5.11,-,4
FORD,ASIENTO VALV. FORD ESCORT ADM,84AU 6E 087 ,A5442,ADM,34.58,30,6,-,0
FORD,"ASIENTO VALV. Eco Sport,Fiesta,  Rocam 1,4/1,6i cc. 8v",,A5669,ESC,36.1,30,6,45º,4
FORD,"ASIENTO VALV. FORD KA 1,3 ADM",,A5620,ADM,36.5,30.5,6,46º,4
FORD,ASIENTO VALV.FORD TANDIBER FALCON 221 ESC,,A5231,ESC,36.6,30,5,45º,6
FORD,ASIENTO VALV. FORD FALCON 221 ECONO GNC ESC,,A5206,ESC,37,29.6,7.5,45º,6
FORD,ASIENTO VALV. FORD ESCORT ADM,84AU 6E 087B,A5439,ADM,38,32.5,6,-,0
FORD,"ASIENTO VALV. FORD FIESTA/ESCORT ADM
 ENDURA D 1800CC. DI",,A5237,ADM,38.05,31.55,6.2,45º,4
FORD,ASIENTO VALV. FORD FALCON GNC ESC,,A5232,ESC,38.1,32.5,5,45º,6
FORD,"ASIENTO VALV. FORD FIESTA DIESEL ADM
Fiesta CLD. CLXD, Escort, Orion, Courier 1,8i Diesel- Mondeo 1,8i Turbo diesel",,A5323,ADM,38.1,31,6.5,45º,4
FORD,ASIENTO VALV. FORD FALCON ECONO-MAX ESC,,A5221,ESC,38.7,29.2,7,45º,6
FORD,ASIENTO VALV. FORD FIESTA ADM,,A5246,ADM,38.7,32.7,6.5,45º,4
FORD,ASIENTO VALV.FORD CORSEL ADM,80NU 6057-A,A5441,ESC,39.13,33.1,6,-,0
FORD,ASIENTO VALV. FORD V8 ESC,,A5261,ESC,39.84,31.75,6.35,45º,4
FORD,ASIENTO VALV. FORD ADAP.TAUNUS ESC,,A5290,ESC,39.9,33.7,6,45º,4
FORD,ASIENTO VALV. FORD ESC ,,A5421,ESC,40.65,34.3,7.7,45º,6
FORD,ASIENTO VALV. FORD FASE I ESC,,A5436,ESC,41.35,33.8,8.5,30º,0
FORD,"ASIENTO VALV. FORD ZETEC ROCAM 1,6 ADM
Eco Sport,Fiesta, Zetec Rocam 1,4/1,6i 8v",,A5391,ADM,41.6,36.2,6.2,45º,4
FORD,ASIENTO VALV. FORD FALCON 221 ECONO GNC ADM,,A5205,ADM,44,36.5,8,45º,6
FORD,ASIENTO VALV.FORD CARGO FASE II ESC,,A5435,ESC,44,37.8,8.8,45º,0
FORD,ASIENTO VALV.FORD ADAPT TAUNUS ADM,,A5289,ADM,45.7,40,6,45º,4
FORD,ASIENTO VALV. FORD TRACTOR ADM,,A5416,ADM,48.25,41.8,6.45,45º,6
FORD,ASIENTO VALV. FORD CARGO FASE II ADM,,A5434,ADM,49.83,41,9.4,30º,0
FORD,"ASIENTO VALV. FORD ROCAM 1,0",,A6808,ESC,30.11,23.3,6.4,45°,
GM,Corsa GLS/Pick Up/Astra - Mot. C16NZ 1.6 Lts. GNC,,A5511D,ADM,39.65,33,6,45°,
GM,CORSA GLS/Pick Up/Astra - Mot. C16NZ 1.6 Lts. GNC,,A5512D,ESC,32.65,26.5,6,45°,
GUASCOR,ASIENTO VALVULA GUASCOR,,A9383,,55.11,45.5,8.8,20º,6
HINO,ASIENTO VALVULA HINO J08C ESC,,A5711,ESC,38.96,32.2,6.2,45º,6
HINO,ASIENTO VALVULA HINO J08C ESC,,A5710,ADM,41,33.9,6.9,30º,6
INDENOR,DIESEL TURBO PEUGEOT 505- PICKUP CHEVROLET,301912 E,A9091,ESC,37.2,31,6.2,45°,
INDENOR,ASIENTO VALVULA INDENOR XD 2 DIESEL ESC,,A5033,ESC,36.15,30,6.3,45º,4
INDENOR,ASIENTO VALVULA INDENOR XD3 DIESEL TURBO ESC,,A5037,ESC,37.16,31,6.2,45º,4
INDENOR,ASIENTO VALVULA INDENOR XD 2 DIESEL ADM,,A5032,ADM,42.15,34,8.3,45º,4
INDENOR,ASIENTO VALV.INDENOR XD3 DIESEL TURBO ADM,,A5036,ADM,44.16,38,6.2,45º,4
INTERNATIONAL,ASIENTO VALV. INTERNATIONAL DT 360 ESC,67599,A5606,ESC,39.01,31.94,9.1,45º,6
INTERNATIONAL,ASIENTO VALV.INTERNATIONAL  DT 466 ESC,,A5155,ESC,41.3,34,9.5,45º,6
INTERNATIONAL,ASIENTO VALV. INTERNATIONAL DT 360 ADM,671602,A5607,ADM,45.27,37.85,8.65,30º,6
INTERNATIONAL,ASIENTO VALV. INTERNATIONAL DT 466 ADM,,A5156,ADM,50.8,43.3,10,30º,6
ISUZU,ASIENTO VALV. ISUZU 4JA 1 EX,,A5586,ESC,36.82,30.5,7,,4
ISUZU,ASIENTO VALV.ISUZU 4BE 1 EX,,A5588,ESC,39.09,33,7,,6
ISUZU,ASIENTO VALV. ISUZU 4BD/6BDI ESC,,A5408,ESC,39.1,32.7,7,45º,4
ISUZU,ASIENTO VALV. ISUZU 4JA 1 EN,,A5585,ADM,41.32,34.5,6.8,,4
ISUZU,ASIENTO VALV. ISUZU 4BE 1 IN,,A5587,ADM,47.09,41,7,,6
ISUZU,ASIENTO VALVULA ISUZU 4BD/6BDI DIESEL ADM,,A5407,ADM,47.1,40.9,7,45º,4
ISUZU,ASIENTO VALV. IZUSU 580 ESC,,A5121,ESC,48.38,38,9.35,45º,4
IVECO,"ASIENTO VALV.IVECO CURSOR 10-STRALIS-EURO STAR EUROTECH MP ADM
CURSOR 10 - STRALIS AS/AD/AT 190/260/440 - 
EURO TECH MP 190/260/440 - EURO STAR LD 190/260/440",99466613,A9369,ADM,44.32,35.15,9,30º,6
JOHN DEERE,"ASIENTO VALVULA JHON DEERE 60 68 ESC
 179D/T,239D/T.3179D/T.359D",R51734,A5283,ESC,41.67,35.87,5.58,45º,4
JOHN DEERE,ASIENTO VALVULA JHON DEERE ESC,,A5104,ESC,42,33.5,7,45º,6
JOHN DEERE,ASIENTO VALVULA JHON DEERE TRACTOR 3420/4420 ESC,,A5129,ESC,42.7,36,6,45º,6
JOHN DEERE,ASIENTO JHON DEERE,R106829,A5383,ESC,43.07,34.2,6.18,45º,0
JOHN DEERE,ASIENTO JHON DEERE,R106830,A5384,ADM,47.19,39.4,6.55,45º,0
JOHN DEERE,"ASIENTO VALVULA JHON DEERE 60 68 ADM
164-219-329 DIESEL",R73064,A5284,ADM,47.25,40.95,5.61,45º,6
JOHN DEERE,ASIENTO VALVULA JHON DEERE 3420 ADM,,A5128,ADM,48.2,41,6,45º,6
JOHN DEERE,ASIENTO VALVULA JHON DEERE  TRACTOR 3420/4420 ADM,,A5103,ADM,48.5,40,7,45º,6
JOHN DEERE,ASIENTO VALV. JHON DEERE R119132,R119132,A5385,ESC,49.08,36.7,6,30º,4
JOHN DEERE,"ASIENTO VALV. JOHN DEERE R119132;  L6, 466 C.I., (7.6L), 6076A/6076T, Diesel, OHV, 12 Valve, TURBO16/7/2024; 496 C.I., (8.1L), 6081, Diesel, OHV, 12 Valve, PowerTech TURBO",R119132,A5712,ESC,49.08,37,6,30º,4
JOHN DEERE,"ASIENTO VALV. JHON DEERE R121193;  L6, 466 C.I., (7.6L), 6076A/6076T, Diesel, OHV, 12 Valve, TURBO16/7/2024; 496 C.I., (8.1L), 6081, Diesel, OHV, 12 Valve, PowerTech TURBO",R121193,A5386,ADM,52.08,44.3,6,30º,4
JOHN DEERE,"ASIENTO VALV. JHON DEERE R121193;  L6, 466 C.I., (7.6L), 6076A/6076T, Diesel, OHV, 12 Valve, TURBO16/7/2024; 496 C.I., (8.1L), 6081, Diesel, OHV, 12 Valve, PowerTech TURBO",R121193,A5713,ADM,52.08,44.4,6,30º,4
JOHN DEERE,"EXHAUST STD. 6081 8.1L Tier 1 - 2 - 3 from ESN 200,000 / 6 Cyl",R119132,A6770,ESC,49.097,36.7,6.1,30º,6
JOHN DEERE,"INTAKE STD. 6081 8.1L Tier 2 - 3 from ESN 199,999 - 200,000 / 6 Cyl",R121193,A6771,ADM,52.08,44.4,6.1,30º,6
JOHN DEERE,John Deere PowerTech 6090 9.0L / TIER 2 - 3 / 6 Cyl,R527285,A6769,A/E,41.61,35.5,5.5,30º,6
JOHN DEERE,"TIER 3 - 6,8 T/H - 6,8T - 6,8D - 4,5 T/H - 4,5T - 4,5D",TR85687,A6772,ESC,43.07,34.2,6.18,30º,4/6
JOHN DEERE,TIER 3 - 6.8T/H - 6.8T - 6.8D - 4.5T/H - 4.5 T- 4.5 D,TR98063,A6773,ADM,47.16,39.5,6.55,30º,4/6
JOHN DEERE,4045/60 PowerTech For Tier 2 & Tier 3 Applications - 6 CyL / 4 CyL,TRE518082,A6775,ADM,37.5,30.5,6.25,30º,4/6
JOHN DEERE,PowerTech - 6068T/H / 4045T/H -For Tier 2 & Tier 3 Applications,TRE518083,A6776,,36.5,28.5,6,25°,
LAND ROVER,"ASIENTO VALV. LAND ROVER A-E
MODEL 88-109-110-111",,A5054,A-E,34.1,30.16,4.76,45º,6
LAND ROVER,"ASIENTO VALV. LAND ROVER ESC
ENG. /MOT MODEL NAFTERO",,A5153,ESC,36.57,28.6,5.2,45º,4
M.W.M,"ASIENTO VALV. M.W.M SPRINT 4,07/6,07/6,07T ADM",94078345003,A5451,ADM,33.57,28,6.6,-,6
M.W.M,ASIENTO VALV. M.W.M 225 D299-TD229 ESC,"9,327,345,0033",A5090D,ESC,39.09,33.2,7,45º,4
M.W.M,"ASIENTO VALV. M.W.M TURBO ESC
 D225/226/D299-TURNINADO Brasil","9,229,0345,3013",A5424,ESC,39.1,33,7,45º,6
M.W.M,"ASIENTO VALV, M.W.M SPRINT 4,07/6,07/6,07T ESC",94078345002,A5452,ESC,40.7,34,6.7,-,4
M.W.M,ASIENTO VALV. M.W.M ESC,"9,610,0,345,004",A5412D,ESC,43.1,34.4,7.4,60º,4
M.W.M,ASIENTO VALV. M.W.M ESC,9.610.0.345.004,A9117D,ESC,43.11,34.4,7.4,60º,6
M.W.M,ASIENTO VALV. M.W.M 225  D299-TD229 ADM,"9,327,345,0023",A5089,ADM,43.15,36,7.4,45º,4
M.W.M,ASIENTO VALV. M.W.M  D225/226/D299-TD229 ADM,"9,327,8,345,002",A5422,ADM,43.15,36,7,45º,6
M.W.M,"ASIENTO VALV. M.W.M TURBO  ADM
 D225/226/D299 TURBINADO Brasil","6,226,8,345,302",A5423,ESC,43.15,36,7,30º,6
M.W.M,ASIENTO VALV. MWM D-327/227/226Z ADM,6.226.0.345.3033,A9093,ADM,43.15,34.5,7,45º,4
M.W.M,"ASIENTO VALV. M.W.M. ADM.
SERIE 10 - ACTEON 4,12T TCE","9,610,0,345,003",A5411,ADM,46.15,38.5,7.2,60º,4
M.W.M,ASIENTO VALV. M.W.M. ADM.,9.610.0.345.003,A9114,ADM,46.16,38.5,7.2,60º,4
MACK,ASIENTO VALV. MACK E7/E6 ADM,13 GC 2251 P15,A5616,ADM,46.5,39.5,7.1,30º,6
MACK,ASIENTO VALV. MACK E7/E6 ESC,13 GC 2264 P15,A5617,ESC,43,36.3,6.3,30º,6
MACK,"ASIENTO VALV. MACK 673 ESC
673/5/6-707-711-864-6",13 GC 2233 P15,A5057,ESC,52.98,43,7.55,30º,6
MACK,ASIENTO VALV. MACK E7 ESC,136 GC 2247 P1,A5605,ESC,53.1,43,,,6
MACK,ASIENTO VALV. MACK 673 ADM,13 GC 2234 P15,A5056,ADM,62,52,7.55,30º,6
MAN,ASIENTO VALV. MAN ESC,51.03203.0366,A5644,ESC,40.05,33,8.05,45º,6
MAN,ASIENTO VALV. MAN ADM," 51,03203,0365",A5643,ADM,42.05,32.2,8.05,30º,6
MAN,ASIENTO VALV. MAN D0826,"51,03203,0305",A5505,ESC,44.1,35,8.15,45º,6
MAN,ASIENTO VALV. MAN 2816 TGA ESC,51032030346,A5580,ESC,44.1,36,7.8,45º,6
MAN,ASIENTO VALV. MAN 2816 TGA ADM,51032030345,A5579,ADM,46.1,37.2,7.8,30º,6
MAN,ASIENTO VALV. MAN 2876 ESC,51.03203.0186  51.03203.0302,A5370,ESC,48.1,40.1,7.96,45º,6
MAN,ASIENTO VALV. MAN 2876 ADM,51.03203.0244  51.03203.0301,A5371,ADM,48.1,38.1,7.96,30º,6
MAN,ASIENTO VALVULA MAN D 0826,"51,03203,0319
   51.03203.0333
     51.03203.0253",A5532,ADM,51.09,41.6,7.4,30º,6
MAN,ASIENTO VALV.MAN ADM 2530/2532/2538.,51.03203.0171,A5260,ADM,61.1,48,9,30º,6
MAN,ASIENTO VALV. MAN ADM  D 2555,51.03203.0218,A5337,ADM,61.1,49.5,9.9,45º,6
MAN,ASIENTO VALV. MAN ADM D 2865/2866,51.03203.0242,A5338,ADM,61.1,49,8.8,30º,6
MAN,"ASIENTO VALV. MAN D0834/ 836- VW 17.280 (4.6, 16v, L4 y 6.9, 24v, L6) ESC / V-TRONIC (15.190)",07W-103-441,A6767,ESC,36.1,28.4,6.55,45°,6
MAN,"ASIENTO VALV. MAN D0834/ 836- VW 17.280 (4.6, 16v, L4 y 6.9, 24v, L6) ESC / V-TRONIC (15.190)",07W-103-441,A6767T,ESC,35.95,28.4,6.55,45°,6
MAN,"ASIENTO VALV. MAN D0834/ 836- VW 17.280 (4.6, 16v, L4 y 6.9, 24v, L6) ADM / V-TRONIC (15.190)",07W-103-431,A6766,ADM,40.08,30.25,8.3,30°,6
MAN,"ASIENTO VALVULA MAN 2840 ADM 
MARINE DIESEL ENGINE MAN 2840",51.03203.0242,A9126D,ADM,61.1,49,8.8,30º,6
MAN,ASIENTO VALV.MAN ESC 2530/2532/2538.,51.03203.0184,A5339,ESC,53.1,42.85,10,45º,6
MAN,"ASIENTO VALV. MAN Nº 51,032,03,0168",51.03203.0168,A5340,,61.1,50.9,10.35,45º,6
MAXION,MAXION HS GEMINI ROVER F100-BLAZER-M. BENZ,,A5276,ESC,38.1,30.8,8.5,,
MAXION,ASIENTO VALV. MAXION HS GEMINI ESC,,A5174,ESC,38.09,30.8,8.4,45º,4
MAXION,"ASIENTO VALV.MAXION S4-S4T ESC / CHEVROLET D 20 - D 6000 / GMC D-40 (442/443) 1992-1995 / S4 4,0, 8V, L4 OHV ",70470096,A5285,ESC,39.6,33,6,45º,4
MAXION,ASIENTO VALV.MAXION HS GEMINI ADM,,A5175,ADM,40.49,34.2,8,45º,4
MAXION,"ASIENTO VALV.MAXION F100 ADM
F 100 MB SPRINTER",,A5172,ADM,40.63,32,9.5,45º,4
MAXION,"ASIENTO VALV.MAXION S 4T ADM
CHEVROLET D 20 ",70470094,A5270,ADM,48.7,40.5,6,30º,4
MAXION,"ASIENTO VALV.MAXION S 4 ADM / CHEVROLET D 20 - D 6000 / GMC D-40 (442/443) 1992-1995 / S4 4,0, 8V, L4 OHV ",70470095,A5271,ADM,48.7,40.7,6,45º,4
MAZ,ASIENTO VALV. MAZ ESC,,A5142,ESC,54.08,42.3,8,30º,6
MAZ,ASIENTO VALV. MAZ ADM,,A5141,ADM,62.1,52,6.35,30º,6
MERCEDES BENZ,"OM 449, 447 , 1633",4030530032,A5529,,53.12,43,9.8,45°,
MERCEDES BENZ,"ASIENTO VALV. M.BENZ OM 360 ESC
 327-360",327 053 0432,A5132,ESC,46.11,36,10,45º,6
MERCEDES BENZ,"ASIENTO VALV.M. BENZ OM 904 ESC
 EURO TOP BREAK",541 053 2032,A5486,ESC,21.06,14.4,5.5,45º,6
MERCEDES BENZ,ASIENTO VALV. M.BENZ SPRINTER 313 16V  ESC,A611 053 0032,A5559,ESC,29.85,24,5.6,,4
MERCEDES BENZ,ASIENTO VALV. M. BENZ SPRINTER 313 16V ADM,A611 053 0531,A5558,ADM,31.06,26,5.6,,4
MERCEDES BENZ,"ASIENTO VALV. M. BENZ 904 E ADM
EURO 4 ELEC 904-906",906 053 0131,A5364,ADM,35.1,28,7.6,45º,6
MERCEDES BENZ,ASIENTO VALV. M. BENZ  OM 601 ESC,603 053 0832,A5484,ESC,36.09,30.6,6,45º,6
MERCEDES BENZ,"ASIENTO VALV. M. BENZ OM 352 ESC  
352-314-900/91","352 053 0032 /
  352 053 1232                                  ",A5002,ESC,38.07,28,8.5,45º,6
MERCEDES BENZ,"ASIENTO VALV. M. BENZ OM 366 ESC
 366 ASPIRADO","  352 053 1532 
   366 053 1632 
 352 053 2032   ",A5094,ESC,38.07,30,8.5,45º,6
MERCEDES BENZ,ASIENTO VALV. M. BENZ 366 TURBO ESC,"366 053 0132   / 366 053 0432 
  366 053 1232  / 366 053 2032",A5096,ESC,38.07,30,8,45º,6
MERCEDES BENZ,ASIENTO VALV. M.BENZ OM 352 ESC,352 053 2032,A9115,ESC,38.08,28,8.5,15º,6
MERCEDES BENZ,ASIENTO VALV. M.BENZ  OM 601 ESC,602 053 0531,A5483,ESC,39.08,33.7,6,,6
MERCEDES BENZ,"ASIENTO VALV. M.BENZ OM 355 ESC
 355/355A/3550/355 Cooler ",355 053 0032,A5263,ESC,40.06,31,7.2,30º,6
MERCEDES BENZ,"ASIENTO VALV. M.BENZ OM 355 ESC
 355-346-910/916/918/9","346 053 0532 /  355 053 1032 
 355 053 1832",A5006,ESC,40.07,31,7.47,45º,6
MERCEDES BENZ,"ASIENTO VALV. M.BENZ 904 E ESC
 EURO 4 ELEC 904-906",906 053 0132,A5363,ESC,40.07,31,8,45º,6
MERCEDES BENZ,"ASIENTO VALV. M. BENZ 904 E ESC
904 E ELECTRÓNICO   EURO 4",906 053 0132,A9122,ESC,40.07,31.1,8,45º,6
MERCEDES BENZ,ASIENTO VALV. MERCEDES BENZ   OM 601,601 053 0331,A5482,ADM,40.09,33.5,7,,6
MERCEDES BENZ,ASIENTO VALV. M. BENZ OM 457 ESC,541 053 0532  / 457 053 0532,A5368,ESC,43.09,34.3,8,45º,6
MERCEDES BENZ,ASIENTO VALV. M. BENZ OM 457 ESC,541 053 0532,A9142,ESC,43.09,34.4,8.05,45º,6
MERCEDES BENZ,"ASIENTO VALV. M.BENZ OM 366 ADM
 364-366-1518",366 053 0931,A5003,ADM,43.87,34.5,7.7,30º,6
MERCEDES BENZ,"ASIENTO VALV. M.BENZ 364/6 ADM
 366 TURBO Ecologic",366 053 3531     366 053 3931,A5016,ADM,43.87,34.5,7.5,20º,6
MERCEDES BENZ,ASIENTO VALV.M.BENZ OM 366 TURBO ADM.,366 053 2031        366 053 3531,A5093,ADM,43.87,35,7.4,30º,4
MERCEDES BENZ,ASIENTO VALV. M.BENZ 1518 TURBO ESC,,A5358,ESC,43.87,34.57,7.75,30º,6
MERCEDES BENZ,"ASIENTO VALV. M. BENZ OM 366 ADM 
OM 364-366-1518 TURBO",366 053 0931,A9116,ADM,43.88,34.5,7.7,30º,6
MERCEDES BENZ,"ASIENTO VALV.M. BENZ 352 ADM
 352-314-900/910/914","352 053 1631     352 053 2231
  352 053 3131",A5000,ADM,45.07,37,8.3,45º,
MERCEDES BENZ,"ASIENTO VALV.M. BENZ 352 ADM
 352-314-900/910/914",352 053 0031,A5001,ADM,45.07,37,8.2,30º,6
MERCEDES BENZ,ASIENTO VALV. M.BENZ 1518 ADM,,A5350,ADM,45.07,34.6,7.75,45º,6
MERCEDES BENZ,ASIENTO VALV. M.BENZ OM 314/352 ADM,"352 053 3531  /  352 053 3831 / 
352 053 4031 ",A5357,ADM,45.87,37,8.3,45º,6
MERCEDES BENZ,ASIENTO VALV. M. BENZ OM 352 ADM,352 053 3631,A5008,ADM,46.07,36.8,8.4,45º,6
MERCEDES BENZ,ASIENTO VALV. M.BENZ OM 457 LA ADM,457 053 1631,A5372,ADM,47.39,36.5,7.8,30º,6
MERCEDES BENZ,ASIENTO VALV. M. BENZ ACTROS ADM,541 053 1731,A5485,ADM,47.39,40.1,7.7,30º,6
MERCEDES BENZ,ASIENTO VALV. M. BENZ OM 457 LA ADM,457 053 1631,A9141,ADM,47.39,37,7.75,30º,6
MERCEDES BENZ,ASIENTO VALV. M. BENZ OM 457 LA ADM,457 053 1631,A9287,ADM,47.4,40.5,7.8,30º,6
MERCEDES BENZ,"ASIENTO VALV. M. BENZ OM 346/355 ADM
 355-346-910/916/918/9",346 053 0731 / 355 053 1131,A5005,ADM,51.07,37,7.47,45º,6
MERCEDES BENZ,ASIENTO VALV. M. BENZ OM 355 ADM,355 053 0131,A5161,ADM,51.07,37,7.47,30º,6
MERCEDES BENZ,"ASIENTO VALV. M. BENZ OM 400 ESC
447 LA - 449 LA",442 053 0032 /  442 053 0132,A5280,ESC,53.1,43,9.2,45º,6
MERCEDES BENZ,ASIENTO VALV. M. BENZ 407 ESC,447 053 0832,A5660,ESC,53.1,43,8.3,20º,6
MERCEDES BENZ,"ASIENTO VALV. M. BENZ OM 403 ESC
 401-402-403-404-4","ASIENTO VALV. M. BENZ OM 403 ESC
 401-402-403-404-4",A5541,ESC,53.11,43.1,9.7,45º,6
MERCEDES BENZ,ASIENTO VALV. M. BENZ OM 401 ADM,402 053 0131,A5233,ADM,60.1,45.4,8.35,30º,6
MERCEDES BENZ,"ASIENTO VALV. M. BENZ OM 400 ADM
447 LA - 449 LA","422 053 0131
447 053 0031",A5279,ADM,60.1,49.3,8.35,30º,6
MERCEDES BENZ,"ASIENTO VALV. M. BENZ 400 ADM
 401A TURBO 402",403 053 0931,A5543,ADM,60.1,51,8.95,30º,6
MERCEDES BENZ,ASIENTO VALV. M. BENZ 407 ADM,407 053 0431,A5659,ADM,60.1,51,8.3,20º,6
MERCEDES BENZ,ASIENTO VALV.M. BENZ OM 400 ESC,442 053 0531,A5344,ADM,60.11,47.15,8.35,30º,6
MERCEDES BENZ,"ASIENTO VALV.M. BENZ OM 400 ADM
OM 442 /447",442 053 05 31,A9004,ADM,60.11,47.1,8.4,30º,6
MERCEDES BENZ,"ASIENTO VALV.M. BENZ OM 400 ADM 
OM 442 /447",422 053 05 31,A9005,ADM,60.11,51,8.4,30º,6
MERCEDES BENZ,ASIENTO MERCEDES BENZ,422 053 0631,A9005-1,ADM,60.31,51,8.64,30º,
MERCEDES BENZ,ASIENTO MERCEDES BENZ,422 053 0731,A9005-2,ADM,60.51,51,8.8,30º,
MERCEDES BENZ,ASIENTO VALV. M. BENZ OM 407 ADM,403 053 0331,A5154,ADM,61.12,51,9.2,30º,6
MERCEDES BENZ,"ASIENTO VALV. M. BENZ OM 360 ADM
 327-360-360H7",327 053 0431,A5131,ADM,56.11,45,10,45º,6
MERCEDES BENZ,"OM 449, 447 , 1633",4030530931,A5528,,60.12,51,9.1,30°,
MITSUBISHI,ASIENTO VALVULA MITSUBISHI 6D14 EX,,A5596,ESC,42.08,34.7,6.5,,0
MITSUBISHI,ASIENTO VALVULA MITSUBISHI 6D15 ESC,,A5598,ESC,44,38,6.5,,0
MITSUBISHI,ASIENTO VALVULA MITSUBISHI 4D56/55 IN,,A5590,ADM,44.1,36.4,6.05,,4
MITSUBISHI,ASIENTO VALVULA MITSUBISHI 6D14 IN,,A5595,ADM,49.09,41.4,6.5,,4
MITSUBISHI,ASIENTO VALVULA MITSUBISHI 6D22 EX,,A5594,ESC,52.1,43.2,7.05,,0
MITSUBISHI,ASIENTO VALVULA MITSUBISHI 6D15 ADM,,A5597,ADM,53,44.2,6.5,,0
MITSUBISHI,ASIENTO VALVULA MITSUBISHI 8DC9 EX,,A5592,ESC,55.13,46.2,7.05,45º,0
MITSUBISHI,ASIENTO VALVULA MITSUBISHI 6D22 IN,,A5593,ADM,57,49.3,7,,0
MITSUBISHI,ASIENTO VALVULA MITSUBISHI 8DC9 IN,,A5591,ADM,61.13,52.2,7.05,,4
MITSUBISHI,ASIENTO VALVULA MITSUBISHI 4D31 EX,,A5584,ESC,39.09,32.2,6.5,,4
MITSUBISHI,ASIENTO VALVULA MITSUBISHI 4D56/55 EX,,A5589,ESC,39.09,32.2,6.5,,4
MITSUBISHI,ASIENTO VALVULA MITSUBISHI 4D31 IN,,A5583,ADM,46.09,39,6.8,,4
NISSAN,"FRONTIER 2,7 ESC",,A9173,ESC,38.23,31.6,7.1,45º,4
NISSAN,NISSAN SENTRA CD 17 -SENTRA 16V ESC,,A9171,ESC,25.35,20.15,6.5,45º,
NISSAN,NISSAN SENTRA CD 17 -SENTRA 16V ADM,,A9170,ADM,26.3,21.25,6.5,45º,4
NISSAN,ASIENTO VALV. NISSAN FD6 ESC,,A5116,ESC,41.03,33.8,7,30º,4
NISSAN,"FRONTIER 2,7CC ADM",,A9172,ADM,45.7,38.75,6,45º,4
NISSAN,ASIENTO VALV. NISSAN FD6 ADM,,A5115,ADM,50.05,42,6.3,45º,4
PEGASO,ASIENTO VALV. PEGASO 9109 ESC,,A5040,A-E,39.1,31.8,7.4,45º,6
PEGASO,"ASIENTO VALV. PEGASO 360 HP ESC
 9156/360 HP",,A5017,ESC,41.55,33,9.7,45º,6
PEGASO,ASIENTO VALV. PEGASO 9156 ESC,,A5039,ESC,42,35,7.5,45º,6
PEGASO,"ASIENTO VALV. PEGASO 360 HP ADM
 9156/360 HP",,A5018,ADM,46.05,38,9.7,30º,6
PEGASO,ASIENTO VALV. PEGASO 9156 ADM,,A5038,ADM,46.09,39,7.5,45º,6
PERKINS,PERKINS - 6-354-4 - Asp. Normal y Turbo,33152155,A9113,ADM,51.29,40.3,7.2,37°,
PERKINS,"ASIENTO VALV. PERKINS 6305 ESC
PERKINS T4.33",DX 1321,A9138,ESC,35.42,30.17,6,45º,6
PERKINS,"ASIENTO VALV. PERKINS 6305 ESC
T 4.33",008294-,A5127,ESC,35.43,29.4,6,45º,6
PERKINS,ASIENTO VALV. PERKINS 6-305 ESC,33124428,A5286,ESC,36,29,6.5,45º,6
PERKINS,ASIENTO VALV. PERKINS 4203 ESC,33114428,A5493,ESC,36.17,30,8.5,45º,0
PERKINS,ASIENTO VALV. PERKINS ESC,3314A005,A5388,ESC,37.29,30.1,7.14,44º,0
PERKINS,ASIENTO VALV. PERKINS 740/107 ESC,,A5701D,ESC,41.35,30.1,5.22,31º,6
PERKINS,"ASIENTO VALV. PERKINS 6305 ADM
PERKINS T4.33",DX 1320,A9137,ADM,41.6,35.5,6,45º,6
PERKINS,ASIENTO VALV. PERKINS 6305 ADM,008293-,A5126,ADM,41.63,35.5,6,45º,6
PERKINS,ASIENTO VALV. PERKINS 6358 ESC,70470027,A5446,ESC,42.05,34.9,6.3,45º,0
PERKINS,ASIENTO VALV. PERKINS 6305 ADM,70470051,A5282,ADM,42.07,35,6.5,30º,6
PERKINS,ASIENTO VALV. PERKINS 4203 ADM,"70,470,051",A5492,ADM,42.17,35.5,8.5,45º,6
PERKINS,"ASIENTO VALV. PERKINS 6-354  4-236 ESC
 6-354/4-236/6-35, 26-354,4 ASP TURBO ",33152154,A5025,ESC,42.68,32.72,9.52,45º,6
PERKINS,"ASIENTO VALV. PERKINS ESC
6-354. 4-236/48 Q20B4 (D10/20 - AGCO EST)",33152153,A5374,ESC,42.68,31.62,9.47,45º,6
PERKINS,"ASIENTO VALV. PERKINS 6354 ESC
 6-354/4-236/6-35, 26-354,4 ASP NORMAL  ",33152139,A5023,ESC,42.69,31.88,9.5,45º,6
PERKINS,ASIENTO VALV. PERKINS 6-357 ESC,70470004,A5019,ESC,47.66,34.86,9.55,45º,6
PERKINS,ASIENTO VALV. PERKINS 740/101 ADM,,A5700,ADM,47.7,35.6,5.22,30º,6
PERKINS,ASIENTO VALV. PERKINS 6358 ADM V8 510,70470048,A5447D,ADM,48.25,41,6.3,45º,0
PERKINS,ASIENTO VALV. PERKINS ADM 6-354/3 GNC,33125121,A5373,ADM,51.28,40.23,7.14,50º,0
PERKINS,"ASIENTO VALV. PERKINS 6354 ADM
. 6-354/4-236/6-35, 26-354,4 ASP NORMAL Y TURBO ",33152155,A5022,ADM,51.29,40.3,7.2,45º,6
PERKINS,"ASIENTO VALV. PERKINS ADM
6-354. 4-236/48 Q20B4 (D10/20 - AGCO EST)",70470053,A5413,ADM,51.3,37.9,7.2,45º,0
PERKINS,ASIENTO VALV. PERKINS 6357 ADM,70470052,A5448,ADM,53,41,10.5,45º,0
PERKINS,"MOT. 6-354/4-236/6-35,26-354,4 TURBO / 6 Cyl",33152155,A6774,ADM,51.3,40.3,7.2,,6
PEUGEOT,"ASIENTO VALV. PEUGEOT 1600 ESC
404, 504 Motor XM, KF5, KF6, XM7, XNA 1,6/1,8",0227-44,A5210,ESC,37.5,30.9,7.1,45º,4
PEUGEOT,ASIENTO VALV. PEUGEOT XD2 FASE 4,,A5294,ESC ,36.18,30,6.3,,
PEUGEOT,PEUGEOT - 504 GNC,301909 A,A9094D,,43.65,36.4,10.43,30°,
PEUGEOT," PEUGEOT  - 405 GLD/GRD/1.9 Diesel/306 XRD 
",,A9102,ADM,40.15,34.15,6,45°,
PEUGEOT,PEUGEOT - INDENOR XD3 TURBO DIESEL,,A9140,ADM,44.2,38,6.2,45°,
PEUGEOT,"ASIENTO VALVULA PEUGEOT 2000 ADM
 504 GL/TL/GR/SR-2000 GNC",0226-50,A5207,ADM,43.65,35.5,10.4,30º,4
PEUGEOT,"ASIENTO VALVULA PEUGEOT 1600 ADM
 404, 504 Motor XM, KF5, KF6, XM7, XNA 1,6/1,8",0226-86,A5209,ADM,44.1,37.2,7.1,30º,4
PEUGEOT,"ASIENTO VALV. PEUGEOT 205 GT XS 1,4 ESC
205,305 GT,XS 106 Motor TU3 1,4 Nafta",,A5515D,ESC,31.15,24.3,7,45º,4
PEUGEOT,"ASIENTO VALV. PEUGEOT 406/306/605 ESC
406 Motor XU7JP4 1,8 406,306,605 Motor XU10JUR 2,0 16V Nafta",,A5524D,ESC,31.86,25.6,6.5,45º,4
PEUGEOT,"ASIENTO VALV. PEUGEOT 106/205 ESC
1.4 I.,206N Motor TU5JP 1,4/1,6 I ",301918,A5303,ESC,33.1,26.5,8,45º,4
PEUGEOT,"ASIENTO VALV. PEUGEOT 405 TURBO ESC
 405 GLD/GRD 1,9 TURBO, 306 XRD",9613765480,A5190,ESC,34.13,28.8,5.55,45º,4
PEUGEOT,VALVE SEAT PEUGEOT 9456079980,9456079980,A5352,,34.57,29.9,7.6,,4
PEUGEOT,VALVE SEAT PEUGEOT 9456080580,9456080580,A5354,,36.07,29.9,7.6,45º,0
PEUGEOT,"ASIENTO VALV. PEUGEOT 405 NAFTA ESC
 205, 305, 405 Motor XU7-XU9  1905cc. - GNC",,A5326,ESC,36.1,30.8,7,45º,4
PEUGEOT,"ASIENTO VALV,. PEUGEOT XU7 JPK GNC ESC
Motor XU7JPK 206-Nafta",,A5347D,ESC,36.1,29.9,7.15,45º,0
PEUGEOT,"ASIENTO VALV. PEUGEOT 406/306/605 ADM
406 Motor XU7JP4 1,8 406,306,605 Motor XU10JUR 2,0 16V Nafta",,A5516D,ADM,36.68,30,6.5,45º,4
PEUGEOT,"ASIENTO VALV. PEUGEOT 2000 ESC
 504 GL/TL/GR/SR-2000 GNC",0227-42,A5208,ESC,37.2,30.5,7,45º,4
PEUGEOT,"ASIENTO VALV. PEUGEOT 404/504 1,6 ESC",,A5362,ESC,37.56,29.1,7.2,45º,4
PEUGEOT,ASIENTO VALV. PEUGEOT -CITROEN,9636991080,A5322,,38.13,29.5,6.65,45º,4
PEUGEOT,"ASIENTO VALV. PEUGEOT 205 GT XS 1.4 ADM
205,305 GT,XS 106 Motor TU3 1,4 Nafta",,A5523D,ADM,38.6,31.8,7,30º,4
PEUGEOT,"ASIENTO VALV. PEUGEOT 405 TURBO ADM
 405 GLD/GRD 1,9 TURBO, 306 XRD",9606351380,A5189,ADM,40.15,33.6,6.25,45º,4
PEUGEOT,"ASIENTO VALV. PEUGEOT 106/205 ADM
1.4 I.,206N Motor TU5JP 1,4/1,6 I ",301917,A5302,ADM,40.6,32,8,30º,4
PEUGEOT,ASIENTO VALV. PEUGEOT 9456079680,9456079680,A5351,,41.07,32,8.9,,4
PEUGEOT,VALVE SEAT PEUGEOT 9458080780,9456080280,A5353,,42.07,34.8,8.9,,0
PEUGEOT,ASIENTO VALVULA PEUGEOT XU7 JPK GNC ADM,,A5346D,ADM,42.1,34.8,8.2,45º,0
PEUGEOT,ASIENTO VALV. PEUGEOT XD2 DIESEL ADM,,A9121,ADM,42.18,33.74,8.3,30º,4
PEUGEOT,"ASIENTO VALV. PEUGEOT 405 NAFTA ADM
 205, 305, 405 Motor XU7-XU9  1905cc. - GNC",,A5325,ADM,43.16,34.5,7,45º,4
PEUGEOT,"ASIENTO VALV.PEUGEOT 404/504 1,6 ADM",,A5367,ADM,43.84,35,7,30º,4
PEUGEOT,ASIENTO VALV.PEUGEOT 308 THP ESCAPE,,A6768,ESC,27.65,22,7,,4
R.V.I,ASIENTO VALVULA RVI EX,500146776,A5627,ESC,57.14,44,9.7,45º,6
R.V.I,ASIENTO VALVULA RVI  IN,500678927,A5626,ADM,61.15,52,9.5,30º,6
RENAULT,Renault 18 MOTOR 1.8/2.0,,A5269D,ESC,39.72,33.1,7,45°,
RENAULT,RENAULT R 11 1400cc  GNC ,,A5306D,ADM,35.68,28.5,7.75,45°,
RENAULT,RENAULT 12 GNC,,A5309D,ADM,35.15,29,6.5,45°,
RENAULT,"R9, R11 - 1.6 LTS. NAFTA / GNC",,A5509D,ADM,35.5,28.5,9.15,45°,
RENAULT,Renault R12 GNC,,A9077D,ESC,31.55,25.5,6.5,45°,
RENAULT,ASIENTO VALV. RENAULT GORDINI ESC,,A5113,ESC,27.15,20.4,6,30º,4
RENAULT,ASIENTO VALV. RENAULT Scenic/Clio/Megane K4M 1.6 16V ESC,,A5518D,ESC,28.84,23,5.9,45º,4
RENAULT,"ASIENTO VALV.RENAULT 11  1,6 ESC
 1,6- R9/R11/R12",,A5225,ESC,30.65,25.3,6.2,45º,4
RENAULT,"ASIENTO VALV.RENAULT 9 ESC
 1,6- R9/R11/R12 GNC",,A5228,ESC,30.65,25.3,6.2,45º,4
RENAULT,"RENAULT MASTER 2,5 DCI",,A6746,ESC,31.12,25,5.5,45º,
RENAULT,"ASIENTO VALV.RENAULT 6/12 1,4 ESC",,A5214,ESC,31.5,25.5,6,45º,4
RENAULT,ASIENTO VALV. RENAULT GORDINI ADM,,A5112,ADM,31.75,25,6,30º,4
RENAULT,"RENAULT MASTER 2,5 DCI",,A6747,ADM,32.32,27,5.5,45º,
RENAULT,"ASIENTO VALV.RENAULT 19 CLIO EXPRESS ESC
 1,9D- R19 Clio/Express/Kangoo F8Q ",,A5267,ESC,32.7,27,7,45º,4
RENAULT,"ASIENTO VALV. RENAULT Scenic/Clio/Megane K4M 1.6 16V ADM
 1,6- Senic/Megane/Clio K4M 16Valv",,A5517D,ADM,33.52,28.7,5,45º,0
RENAULT,"ASIENTO VALV.RENAULT LAGUNA/MEGANE ESC
 1,9TDI- Laguna/Megane D /Turbo Diesel F9Q 1.9 Lts / Clio II ",,A5398,ESC,33.75,28,7,45º,4
RENAULT,"ASIENTO VALV.RENAULT 18/21 ESC
 2,1- R18 / R21 Trafic Diesel J8 ",,A5396,ESC,34.15,28,7,45º,4
RENAULT,"ASIENTO VALV.RENAULT 6/12 1,4 ADM.
 1,4- R6/12 GNC",,A5213,ADM,34.5,28.1,6,45º,4
RENAULT,"ASIENTO VALV.RENAULT CLIO/MEGANE/KANGOO K7M 1,6 NAFTA/GNC ESC
Clio Motor E7J 1400 Frances, Megane, Kango Motor K7M 1,6 Nafta/Gnc",,A5526,ESC,34.75,28,6.5,,4
RENAULT,"ASIENTO VALV.RENAULT 11  1,6 ADM.
 1,6- R9/R11/R12",,A5224,ADM,35.2,30.1,6.2,45º,4
RENAULT,"ASIENTO VALV. RENAULT 9 ADM.
 1,6- R9/R11/R12 GNC",,A5227,ADM,35.65,30.1,9.2,45º,4
RENAULT,"ASIENTO VALV.RENAULT LAGUNA/MEGANE ADM
1,9TDI- Laguna/Megane D /Turbo Diesel F9Q 1.9 Lts / Clio II ",,A5397,ADM,37.1,30,7,45º,4
RENAULT,"ASIENTO VALV.RENAULT 19 CLIO EXPR.
 1,9D- R19 Clio/Express/Kangoo F8Q ",,A5268,ADM,37.2,31,7,45º,4
RENAULT,"ASIENTO VALV.RENAULT 2,5 CDI G9U MASTER 754 16VALV.ESC",,A5656,ESC,37.5,31,7.5,45º,4
RENAULT,"ASIENTO VALV.RENAULT CLIO/MEGANE/KANGOO K7M 1,6 NAFTA/GNC ADM
Clio Motor E7J 1400 Frances, Megane, Kango Motor K7M 1,6 Nafta/Gnc",,A5525,ADM,38.75,32.5,7,,4
RENAULT,"ASIENTO VALV.RENAULT 18 2,0 ESC",,A5226,ESC,39.6,31.7,7,45º,4
RENAULT,"ASIENTO VALV.RENAULT 19 CHAMADE 1,7 GNC",,A5630,ADM,41.2,33,6.5,30º,4
RENAULT,"ASIENTO VALV. RENAULT 18/21 ADM
 2,1- R18 / R21 Trafic Diesel J8 ",,A5395,ADM,42.15,34,7,45º,4
RENAULT,"ASIENTO VALV.RENAULT 2,5 cc.  CDI  G9U Master 754 16Valv. ",,A5655,ADM,42.25,34,7.5,30º,4
ROVER,300 D,,A5557,ESC,38.09,30.8,8.4,,6
ROVER,300 D,,A5556,ADM,40.49,34.2,8,,6
SCANIA,SCANIA mot. DC11(New) /DN12/DS12/DSC12 MODELO 104,1403825-6585,A9147D,ADM,46.07,35,7.95,,
SCANIA,"ASIENTO VALV. SCANIA 111-112-113 ESC 
VABIS D11 / D10 / D510 / Turbo DS11 / Turbo L111",242672,A9103,ESC,52,40.6,10.27,45º,6
SCANIA,"ASIENTO VALV. SCANIA ESC 
VABIS mot. DC11(New) /DN12/DS12/DSC12 MODELO 104",,A9100D,ESC,44.09,35.1,8.55,45º,6
SCANIA,"ASIENTO VALV. SCANIA DC 9, DC 9 EURO 2/3 // DC 13, EURO 3 a 6, 6 CYL. (1999 A 2005)",1412604,A5727,ESC,46.08,34.5,8.9,15º,6
SCANIA,ASIENTO SCANIA,,A5726,ADM,48.06,39.5,6.9,20º,0
SCANIA,"ASIENTO VALV. SCANIA 112-113 ADM 
VABIS MOTOR D11/10/510-TURBO DS11/L111 ",289517,A9112,ADM,56.02,47.57,7.5,20º,6
SCANIA,ASIENTO VALV. SCANIA ADM,,A5333D,ADM,46.05,35,7.9,20°,6
SCANIA,AS.DE VAL.SCANIA ESC.,,A5334D,ESC,44.1,35,8.5,45°,6
SCANIA VABIS,"ASIENTO VALV. SCANIA 111-112-113 ESC
 DS 11 DSC 11/14       112, 113, 114, 143, 144",242672,A5053,ESC,52,40.65,10.3,45º,6
SCANIA VABIS,"ASIENTO VALV.SCANIA 113 ESC
 DS 11 DSC 11/14       112, 113, 114, 143, 144",372972,A5293,ESC,52,39,10.3,45º,6
SCANIA VABIS,"ASIENTO VALV. SCANIA L 90 ESC
 L 80 TURBO",16663/6,A5117,ESC,46.95,37,7.65,30º,6
SCANIA VABIS,"ASIENTO VALV. SCANIA ESC
 L 80",245844,A5625,ESC,46.96,36.5,8.8,45º,6
SCANIA VABIS,ASIENTO VALV. SCANIA DS9/DSC9/ TURBO ESC,351352,A5601,ESC,49.08,39,9.8,45º,6
SCANIA VABIS,"ASIENTO VALV.SCANIA DS 14 ESC,
 D 11 DS 11   11000CC",,A5051,ESC,51.9,39.5,7.7,30º,6
SCANIA VABIS,"ASIENTO VALV.SCANIA D 11 DS 11 ESC
 D 11 DS 11   11000CC",131357,A5134,ESC,52,40.22,7.9,30º,6
SCANIA VABIS,ASIENTO VALV.SCANIA DS9/DSC9 TURBO ADM,1371885,A5602,ADM,53.06,44,7.4,20º,6
SCANIA VABIS,ASIENTO VALV.SCANIA L 80 ADM,275456,A5114,ADM,55,45,9,30º,6
SCANIA VABIS,ASIENTO VALV.SCANIA D10/DN11/L111,246619-20Y,A5640,ADM,56,47.7,7.75,30º,6
SCANIA VABIS,"ASIENTO VALV. SCANIA 112-113 ADM
 DS 11 DSC 11/14       112, 113, 114, 143, 144",289517,A5052,ADM,56.01,47.5,7.4,20º,6
SCANIA VABIS,"ASIENTO VALV. SCANIA DS 14 ADM
 D 11 DS 11   11000CC",131356,A5050,ADM,59.9,49.5,7.7,30º,6
TOYOTA,ASIENTO VAL.TOYOTA COROLLA IC 1.8 / 2C 2.0 DIESEL,,A5400,ESC,34.2,26.5,6,45°,
TOYOTA,ASIENTO VALV. TOYOTA  C3-TE ESC,,A5547,ESC,34.03,27.8,7,-,6
TOYOTA,"ASIENTO VALV.TOYOTA ESC,",,A5328,ESC,35.26,29,6.05,45º,0
TOYOTA,ASIENTO VALV.TOYOTA HILUX ESC,,A5332,ESC,36.15,30,6,45º,0
TOYOTA,"ASIENTO VALV.TOYOTA HILUX 2,0-2,5 ESC
 HILUX 2L-2.5 Lts / 3L 2.8L Diesel 5L",,A5402,ESC,36.15,30,8,45º,4
TOYOTA," T 3,0 TD IKZ, IKZT, IKZTE 4 RUNNER II/III (N13)/N18",,A5577,ESC,37.1,32,6,45,
TOYOTA,ASIENTO VALV. TOYOTA T 22 ESC,,A5235,ESC,39.01,32,8,45º,4
TOYOTA,ASIENTO VALV. TOYOTA C3 ADM,,A5546,ADM,39.98,33.8,7,-,6
TOYOTA,"ASIENTO VALV. TOYOTA ADM.
 Corolla 1C 1.8 / 2C 2.0Lts Diesel",,A5399,ADM,40.2,31,6,45º,4
TOYOTA," T 3,0 TD IKZ, IKZT, IKZTE 4 RUNNER II/III (N13)/N18",,A5578,ADM,42.61,37.5,5.9,45,
TOYOTA,"ASIENTO VALV. TOYOTA HILUX 2,0-2,5 ADM
 HILUX 2L-2.5 Lts / 3L 2.8L Diesel 5L",,A5401,ADM,42.7,36,6.5,45º,4
TOYOTA,ASIENTO VALV. TOYOTA HILUX ADM,,A5331,ADM,43.65,37,6,45º,4
TOYOTA,ASIENTO VALV.TOYOTA 2D EX,,A6003,ESC,46.13,39.2,7.05,45º,6
TOYOTA,ASIENTO VALV.TOYOTA T 22 ADM.,,A5234,ADM,48.01,40,8,45º,4
TOYOTA,ASIENTO VALV. TOYOTA 2D IN,,A6004,ADM,50.13,43.2,7.55,45,6
VILLA,ASIENTO VALV. VILLA ESC  OM 400/1,1026,A5458,ESC,35,28.2,8,45º,0
VILLA,ASIENTO VALV. VILLA ESC,,A5144,ESC,38.04,31,8,45º,4
VILLA,ASIENTO VALV. VILLA ADM,,A5145,ADM,42,35.5,7,45º,4
VILLA,ASIENTO VILLA A 4100088,A4100088,A5453,ADM,47.18,36,8,45º,4
VOLKSWAGEN,VW POLO - GOLF 1.9 Diesel,,A9097,ADM,37.02,31,8,45°,
VOLKSWAGEN,"ASIENTO VALV. ADAPT.AMAROK 2,0 TD 16V ESC",,A9284,ESC,27.5,21.5,6,45º,4
VOLKSWAGEN,"ASIENTO VALV. VW GOL TREND/SURAN/FOX 1,6 ESC",,A5682,ESC,28.65,23.5,5.5,45º,4
VOLKSWAGEN,"ASIENTO VALV. ADAPT. AMAROK 2,0 TD 16V ADM",,A9285,ADM,29.9,24.5,6,45º,4
VOLKSWAGEN,"ASIENTO VALV. VW KOMBI
 1200/1300 AIRE",040101441-5,A5490,ESC,32.14,26,8.5,-,4
VOLKSWAGEN,"ASIENTO VALV. VW SENDA ESC 
SENDA-GOLF 1,6D / POLO - GOLF 1,9D","068,103,441",A5087,ESC,33,26.9,7.5,45º,4
VOLKSWAGEN,ASIENTO VALV. VW SENDA ESC,5305-161,A9098,ESC,33.05,27.5,8,45º,4
VOLKSWAGEN,"ASIENTO VALV. VW MOTOR AP 1600  (1,6) , 8v, L4 SOHC, ESCAPE",056103441-A,A5428,ESC,33.1,27.5,7.3,30°,4
VOLKSWAGEN,"ASIENTO VALV. VW GACEL 1,8 ESC,",,A5218,ESC,33.55,27.3,8,45º,4
VOLKSWAGEN,"ASIENTO VALV. VW SANTANA 1,8-2,0 ESC",26103441,A5130,ESC,33.6,27.6,7.3,45º,4
VOLKSWAGEN,ASIENTO VALV. VW 1500/1600 ESC,040101441-3,A5430,ESC,34.14,28,8.5,-,0
VOLKSWAGEN,ASIENTO VALV. VW KOMBI BUS ESC,,A5297,ESC,34.15,27.9,8.25,45º,4
VOLKSWAGEN,"ASIENTO VALV. VW SENDA/ GACEL/ SAVEIRO /GOLF 1,6 D  ADM.","068,103,431",A5086,ADM,35,29,7.8,45º,4
VOLKSWAGEN,"ASIENTO VALV. VW GOL, MOTOR AP 1600 (1,6), 8V, L4, SOHC, ADM ",056103431-D,A5431,ADM,35.1,29,7.9,-,4
VOLKSWAGEN,"ASIENTO VALV. VOLKSWAGEN GOL TREND 1,6 8V ADM 
SURAN/FOX Motor EA111 1,6 8 valv",,A5708,ADM,35.6,30.4,5.5,45º,4
VOLKSWAGEN,"ASIENTO VALV. VW GACEL 1,6 ESC.",,A5220,ESC,36,28.45,9.15,45º,4
VOLKSWAGEN,"ASIENTO VALV. VW POLO 1,9 ADM.
VW GACEL 1.6 GNC",,A5095,ADM,37,31,7.8,45º,4
VOLKSWAGEN,"ADAPTACION 37X27,50X9,50 MM",,A6687,ESC,37,27.5,9.5,45º,6
VOLKSWAGEN,"ASIENTO VALV. VW UP 1,6 ADM",040101431-4,A5429,ADM,37.14,31,8.5,-,4
VOLKSWAGEN,ASIENTO VALV. VW KOMBI BUS ADM,,A5296,ADM,37.15,30.9,8.15,45º,4
VOLKSWAGEN,"ASIENTO VALV. VW GACEL 1,6 ADM.",,A5219,ADM,38,30.8,9.15,45º,4
VOLKSWAGEN,"ASIENTO VALV. VW GACEL 1,8 ADM",,A5217,ADM,39,32.5,8.4,45º,4
VOLKSWAGEN,"ASIENTO VALVULA VW
 VW SANTANA 1,8/2,0",35103431,A5427,ADM,39.1,33,7.8,-,4
VOLKSWAGEN,"ASIENTO VALV. MAN D0834/ 836- VW 17.280 (4.6, 16v, L4 y 6.9, 24v, L6) ESC",,A6767,ESC,36.1,28.4,6.55,45°,6
VOLKSWAGEN,"ASIENTO VALV. MAN D0834/ 836- VW 17.280 (4.6, 16v, L4 y 6.9, 24v, L6) ADM",,A6766,ADM,40.08,30.25,8.3,30°,6
VOLKSWAGEN,"ADAPTACION 41X32,50X9,50 MM",,A6686,ADM,41,32.5,9.5,45º,6
VOLVO,ASIENTO VALV. VOLVO ,467657,A5651,,46.1,37.5,8.1,30º,6
VOLVO,ASIENTO VALV. VOLVO TD 162 ESC,1543861,A5476,ESC,48.54,35.5,10.36,45º,6
VOLVO," ASIENTO VALV. VOLVO TD 60 ESC
 D 60A 5,5D (88KW) F609/611 TD61F",4651550,A5474,ESC,41.6,31.9,9,45º,6
VOLVO,ASIENTO VALV. VOLVO,477659,A5652,,42.07,32.75,8.7,45º,6
VOLVO,"ASIENTO VALV. VOLVO FA12/NH12 ESC
 FH 12 / NH12 / FM D12A / 340/380/420  F12 380/420",3169366,A5450,ESC,43.07,33,8,45º,6
VOLVO,ASIENTO VALV. VOLVO,3169366-6        ,A5632,ESC,43.07,33.1,8,45º,6
VOLVO,"ASIENTO VOLVO D13 / MACK MP8; L6, 780 CI (12,8L) MP8 DIESEL, 50 HC, 24V, TURBO, ESC",20530103-9,A5645,ESC,43.07,33,7.5,25°,6
VOLVO,"ASIENTO VALV. VOLVO FH12 ESC
 FH 12 / NH12 / FM D12A 340/380/420  F12 380/420",3183227,A5414,ADM,43.08,31.8,8.5,30º,6
VOLVO,ASIENTO VALV. VOLVO ESC.,20459329-7    ,A5631,ADM,43.08,32.1,7.25,30º,6
VOLVO,ASIENTO VALV. VOLVO DH 12E ADM,21484829 - 7420459329,A5706D,ADM,43.08,32,7.25,30º,4
VOLVO,ASIENTO VALV. VOLVO FA12/NH12 ADM.,20412798,A5581,ADM,43.14,33,8.2,30º,6
VOLVO,ASIENTO VALV. VOLVO FH12 ESC,20459329,A5582,ESC,43.14,32,7.5,45º,6
VOLVO,ASIENTO VALV. VOLVO,465158,A5650,,43.58,35.4,6.05,30º,6
VOLVO,ASIENTO VALV. VOLVO D 70 ESC,421012/6          466266 ,A5501,ESC,44.07,34,8.9,45º,6
VOLVO,"ASIENTO VALV. VOLVO DH 12E ESC
 TD 70 6,7D F, N86  A, B, C, F, FS",21484834,A5707,ESC,44.08,33,8,30º,4
VOLVO,"ASIENTO VOLVO D13 / MACK MP8; L6, 780, CI (12,8L), DIESEL, SOHC, 24V, TURBO ADM",20561997-6,A5646,ADM,45.08,33.08,7.5,40°,6
VOLVO,"ASIENTO VOLVO D13 / MACK MP8; L4, 780 , CI (12,8l), DIESEL, SOHC, 24V, TURBO ADM",20740804,A9391,ADM,45.1,34,7.55,25°,
VOLVO,"ASIENTO VOLVO D13 / MACK MP8; L4, 780 , CI (12,8l), DIESEL, SOHC, 24V, TURBO ESC",20530103-9,A9392,ESC,43.07,35.3,7.5,40°,
VOLVO,"ASIENTO VALV. VOLVO D 70 ADM
 TD 70 6,7D F, N86  A, B, C, F, FS",421011/8,A5500,ADM,46.08,37.5,6.15,30º,6
VOLVO,"ASIENTO VALV.VOLVO 688 NL10 ESC
 TURBO TD 100 BF B 8 NL10",1545886,A5494,ESC,49.05,40,9.5,45º,6
VOLVO,"ASIENTO VALV.VOLVO TD 100 ESC
 TD 100B-T    F, FB, FL 88",4674750,A5158,ESC,49.06,40,11.5,45º,6
VOLVO,ASIENTO VALV. VOLVO TD 162 ADM,1543860,A5475,ADM,50.15,41,6.2,20º,6
VOLVO,"ASIENTO VALV.VOLVO TD 110 ESC
 TD 100 A/B/G    F10, F80, ",422012-5,A5083,ESC,51.11,40.1,9.5,45º,6
VOLVO,"AS. VOLVO TD 100 ADM Nº467474
 TD 100B-T    F, FB, FL 88",4674743,A5159,ADM,54.06,44.3,6.7,30º,6
VOLVO,"ASIENTO VALV. VOLVO TD 110  ADM
 TD 100 A/B/G    F10, F80, NL 10",422011-7,A5082,ADM,54.11,44.5,6.75,45º,6
VOLVO,"ASIENTO VALV. VOLVO N88 ESC
 D 120 TD 120/121     F 80, F 12",468448-6,A5081,ESC,56.6,45,9.5,45º,6
VOLVO,VALVE SEATS,,A5480,,59.11,46.6,9.15,45º,6
VOLVO,"ASIENTO VALV. VOLVO N88 ADM
 D 120 TD 120/121     F 80, F 12",423011-6,A5080,ADM,59.12,49,6.75,30º,6
WAUKESHA,ASIENTO VALV. WAUKESHA ESC,HW 176352 P,A5085,ESC,76.32,61.8,14.05,30º,6
WAUKESHA,ASIENTO VALV. WAUKESHA ADM,HW 176352 K,A5084,ADM,79.5,61.85,14.1,30º,6
,,,,,,,,,
,,,,,,,,,
***TEMPLADOS Y REVENIDOS SEGÚN NORMAS ORIGINALES***,,,,,,,,,
,,,,,,,,,
,,,,,,,,,
  ,,,,,,,,,
