ASIENTOS DE VALVULAS,,,,,,                   VALVE SEATS,,,
,,,,,Medidas / Measures,,,,
Modelo y Tipo / Model and type,Cil.,Nro. Original,,AE,Ext/out,In,Alt/Height,Grades,Material
ALCO,,,,,,,,,
251.9X101/2-251.16 V9X 101/2 LOCOMOTORA,,22-I-71094,652,E,80.86,67.5,13.52,45,A
251.9 / 251.16,,22-C71131,653,E,80.86,67.5,14.33,30,A
AMERICAN MOTORS,,,,,,,,,
196L-HEAD SERIE 5010-5110-5210-4940-5040,,,654,A,39.7,33.35,5.55,45,A
AMBASSADOR 600,,30820,655,E,39.9,33.8,5.55,45,A
BEDFORD,,,,,,,,,
220-300,,,656,A,48,35,7,30,A
,,,657,E,45,33,9,45,A
CATERPILLAR,,,,,,,,,
MOT.3406-3408-3412,6-8,4N5893,523,A,46.03,"39,70",9.25,45,A
,12,9S9699-1W5283,524,E,"43,40","36,50",9.25,45,A
MOT.D343-D346-D348-D349-1693,6-8,9M3205,572,A,46.05,39,"9,30",45,A
,12,1W5283,573,E,42.87,"36,30","9,30",45,A
MOT.3204-3208-2108-1140-1145,8,2N8943,525,A,54.63,47.2,"7,50",30,A
1150-1160,,9N2837,526,E,"48,60",41.2,"7,50",45,A
MOT.977-D7F-D330C-D333C-3304,4-6,5S7218,565,A,54.08,46,"11,40",30,A
3306-1673C,,5S7221-1W5321,566,E,50.92,42.92,"11,40",30,A
MOT.D8H -D339-D342-D364-D375,4-6,9M8745,567,A,"63,60","52,40",13,45,A
D386-D397-D13000,8,8M9810,568,E,"63,60","50,90",13,45,A
D9-D96-D353D-D379A,6-12,5S-1757,658,A,65.75,58,"15,90",30,A
,,8M-4014,659,E,61.84,53.84,"15,90",30,A
1673 CA Asp. Normal y Turbo,6-12,,660,A,"52,40",42.85,"11,10",30,A
,,,661,E,"49,20","39,70","11,10",30,A
D330-D333-D318-C7H-983R/944/955,4-12,IP-6837,662,A,50.89,42.85,"11,10",30,A
/1673 CC,,9M-6495,663,E,"47,70","39,70",11.15,30,A
3406 INYECCION DIRECTA,,,742,A,52.03,"44,50",8.75,,A
,,,743,E,50.89,42.85,"8,30",,A
3116,,,744,A,50.05,43,6,30,A
,,,745,E,"42,90",37,6,30,A
CHEVROLET,,,,,,,,,
MOT.153-181-194-215-230-231-250,4-6,,544,A,46,39,7,45,A
252-262-265-283-305-307-327-368,8,,545,E,39.5,31.7,7,45,A
292-GIVC 2.2L-GASOLINA-GNC,V6,,,,,,,,
VECTRA-MONZA-OMEGA-ASTRA-BLAZER,,,704,A,44.65,37,7.7,45,A
C18NZ-C20NE-1.8/2.0/2.2/S10,,,705,E,37.65,30.15,7.7,45,A
CORSA-VECTRA-ASTRA-1.6/C16XE/16V,,,706,A,31.75,27.5,6,45,A
,,,707,E,28.25,22,6,45,A
ASTRA-CORSA-C16NZ 1.6 (8V),,,736,A,39.25,33,6,45,A
,,,737,E,32.72,26.7,6,45,A
"MOT, 231",,,664,A,44.45,38.1,6.35,,A
,,,665,E,38.1,31.75,5.55,,A
MOT.250,,,666,A,46.04,41.27,5.55,,A
,,,667,E,38.1,34.13,5.55,,A
MOT. 350,,,668,A,53.98,46.04,6.35,,A
,,,669,E,39.69,33.33,5.55,,A
CUMMINS,,,,,,,,,
MOT.NH230-NH250-NHC230-NT280,6,127930,582,AE,50.95,42.9,7.15,30,A
NT300-NT310-NT335-NT380-NT420,12,,,,,,,,
SUPER 250-270-NTA370-380-420,V8,,,,,,,,
NTC250-230-270CT-280-290-335,,,,,,,,,
335B-350-V525-VT700-VT1710-V903,,,,,,,,,
V903M-VT903-VT903M-VT127,,,,,,,,,
KT 450-150-600-2300,6-12,3052819/3026296,674,A,60.5,49,8.2,30,A
,,205093,675,E,60.5,51.6,8.2,30,A
,,,,,,,,,
,,,,,,,,,
,,,,,,,,,
,,,,,Medidas / Measures,,,,
Modelo y Tipo / Model and type,Cil.,Nro. Original,,AE,Ext/Out,In,Alt/Height,Grades,Material
CUMMINS,,,,,,,,,
4B-4BT-6B-6BT,4-6,3906854,676,A,47.1,38,7.2,30,A
,,3904105,677,E,43.75,34.5,7.2,45,A
SERIE C 8.3 LTS T,6,TE3-109.429,678,A,54,44,8.5,45,A
,,TE3-109.431,679,E,47.12,40,6.5,45,A
L10,,,746,AE,46.05,38.5,5,,A
8300 ISG TURBO,,,751,A,39.3,32.1,"5,70",,A
,,,752,E,39.3,32.9,"5,00",,A
ISB ELECTRONICO,,,753,AE,35.05,28,"5,75",,A
ISC ELECTRONICO,,,757,A,39.5,32.5,"6,00",30,A
,,,758,E,39.5,32.5,"6,00",45,A
DETROIT,,,,,,,,,
MOT.S71E (64/74)-SERIE 71-4V,4-6,5101101,527,AE,32.07,24.5,6.4,30,A
,,300903,,,,,,,
SERIE 53 (60/73),6,5116361-ND,624,AE,29.4,23.65,5.65,30,A
SERIE 149,6-12,300907AE,625,AE,48.22,39.1,7,30,A
SERIE 92,6-8,5148490,680,AE,36.65,29.3,6.4,30,A
DEUTZ,,,,,,,,,
MOT.514,1,3358917,589,A,47.17,41.1,10,45,A
,,3358922,590,E,44.17,38.1,11,45,A
MOT.FL 1114-2114,2-4,20457EDO15208,591,A,53.2,44,12,45,A
,6-8,20459EDO15208,592,E,47.2,41,12,45,A
MOT.F6L 913-F1L 812-F2L 912D,1-2,2137302,500,A,45.67,36,10,45,A
F1L 511W-BF6L 913-T-BF6L 913C,6,,571,A,45.67,35.5,10,30,A
"D15-D2506-3006-13006,A-DX145/160",,2137306,501,E,40.17,31,9.75,45,A
MOT.F6L 413-413F-413W,V6,3025938EDO14808,542,A,56.2,47,12,45,A
,,3025939EDO14808,543,E,49.2,42,12,45,A
1015,,,762,A,47.57,"38,65","6,60",30,A
,,,763,E,44.08,"35,50","7,00",45,A
DODGE,,,,,,,,,
MOT.1500-1800-GASOLINA-GNC,4,,546,A,39.5,31.7,7,,A
,,,547,E,33,25,7,,A
318,,,670,A,46.06,41.27,5.55,,A
,,,671,E,41.27,34.95,6.35,,A
360,,,672,A,50.8,44.45,5.55,,A
,,,673,E,41.26,33.73,9.52,,A
FIAT IVECO-TRACTOR-VEHICULO,,,,,,,,,
MOT.8210 02-619N1-691-693T,6,4671769,502,A,61.09,51.1,8.3,45,A
697N-180NC-300PC,,4671770,503,E,51.09,43.1,8.3,45,A
MOT. 1300-FIAT 147-DUNA DIESEL,4,,583,A,34.6,28,9.5,45,A
UNO 45D,,,584,E,32.1,24.3,9.5,45,A
MOT.400-500-CP3-673N-130,6,,593,A,46.17,38.2,8.2,45,A
,,,594,E,40,31.2,8.2,45,A
150-160 TURBO,6,,604,A,46.2,39,8,30,A
,,98495493,605,E,39.2,31,8,45,A
"MOT. 1,7D / 1,7DT",4,5990530,622,A,39.1,33.6,9.5,45,A
,,46466192,623,E,35.1,29.7,9.5,45,A
1500-BERLINA-FAMILIAR-MULTICARGA (63-69),4,,628,A,36.65,29.7,7,45,A
,,,629,E,32.1,26,7,45,A
700-800,6,,630,A,51.2,43,8.2,45,A
,,,631,E,43.2,35,8.2,45,A
DUCATO  DAILY-GRINTA TD Asp. Normal y Turbo,4,A741916,632,A,46.2,38,8.2,45,A
,,A726485,633,E,39.2,31,8.2,45,A
IVECO 190.33,6,4849707,634,A,59.1,48,9,30,A
,,4673864C.61,635,E,51.1,41,9.9,45,A
,,,,,,,,,
,,,,,,,,,
,,,,,,,,,
,,,,,Medidas / Measures,,,,
Modelo y Tipo / Model and type,Cil.,Nro. Original,,AE,Ext/Out,In,Alt/Height,Grades,Material
FIAT IVECO-TRACTOR-VEHICULO,,,,,,,,,
128 EUROPA-REGATTA 1.4/1.5-147 BRIO,4,,636,A,38.4,33,9.5,45,A
TEMPRA-UNO-DUNA 1.4,,,,,,,,,
,,,637,E,32.7,27,"9,50",45,A
TIPO 1.6 G.N.C,4,,638,A,40.15,35.6,9.5,45,A
,,,639,E,32.65,27,"9,50",45,A
UNO-DUNA-SPAZIO-1.4,,,708,A,38.35,33,8.5,45,A
,,,709,E,32.65,27,8.6,45,A
SIENA-PALIO-MAREA-1580CC-16V,,,710,A,31.7,26.5,8,45,A
,,,711,E,30.1,24,8,45,A
SIENA-PALIO-DUCATO-DUNA-TEMPRA-UNO,,,712,A,42.25,35,7,45,A
REGATA-1.7D/1.9TD,,,713,E,37.65,30,7,45,A
PALIO - UNO FIRE 1.3 16V,,,748,A,28.03,"22,80","6,45",45,A
,,,747,E,24.03,"19,50",7,45,A
FIRE 1.3 8V,,,749,A,32.7,28,"8,80",45,A
,,,750,E,28.7,"24,30","8,50",45,A
E-TORQ,,,772,A,31.8,26,8,,A
,,,773,E,25,19,"7,50",,A
FORD,,,,,,,,,
MOT. 188-221-GNC,6,,548,A,44,36.5,8,45,A
,,,549,E,37,29,7,45,A
MOT. MAX ECONO-GNC,6,,556,A,44,36.5,8,45,A
,,,557,E,38.7,29,7,45,A
"FIESTA CLD,CLXD,ESCORT, ORION-COURIR 1,8",4,,640,A,38.1,31.5,6.5,45,A
DIESEL-MONDEO 1.8 TURBO DIESEL,,,641,E,33.2,27,6.5,45,A
SIERRA 1.6,4,,642,A,44.5,38,7,45,A
,,,643,E,34,27,7,45,A
TAUNUS,,,681,A,45.7,40,6,45,A
,,,682,E,39.9,33.7,6,45,A
FIESTA-ESCORT-KA-ORION HCS 1.3-ENDURA E,,,714,A,36.4,30.8,6,45,A
,,,715,E,31.48,24.6,6,45,A
ECO SPORT-FIESTA-ZATEC ROCAM ,,,716,A,41.6,36,6,45,A
"1,4/1,6",,,717,E,36.2,30,6,45,A
ESCORT-FIESTA-MONDEO-FOCUS ZETEC E,,,718,A,33.65,27.5,6.2,45,A
1.8-2.0-16V,,,719,E,29.85,23.5,6.5,45,A
V8,,,754,AE,41.35,33.5,8.5,,A
HINO,,,,,,,,,
MOT. FD,6,,587,A,52.1,42,7.7,30,A
,,,588,E,45.6,36.5,7.7,45,A
MOT. EX100,6,,599,A,61,50,10,45,A
,,,600,E,55,45,9,45,A
JOHN DEERE,,,,,,,,,
TRACTOR 3420-2420,4,,561,A,47.3,40.95,5.7,45,A
,,,562,E,41.7,35.87,5.6,45,A
MACK,,,,,,,,,
MOT.673-675-676-707-711-864-6250-6275,6,13GC2234P15,528,A,62.08,52,7.6,30,A
6285-6300-E31-6315-6350-E6/4V-E7/4V,,13GC2233P15,529,E,53.03,"42,97",7.6,30,A
475-475 EDTM,,,683,A,55,44.83,7.65,30,A
,,,684,E,47,37.08,7.65,30,A
475A-475 EDTM,,,685,A,55.55,44.83,7.65,30,A
,,,686,E,47.65,37.08,7.65,30,A
MAXION,,,,,,,,,
MOD.F100-SPRINTER MB,4,ERR.2396A,617,A,41,32,9.5,45,A
HS-GEMINI ROVER-F100-BLAZER-2.5,,ERR.3753A,618,E,38.2,30.5,8.5,45,A
,,70470094,621,A,48.7,40.5,6,30,A
S4 TURBO,4,70470095,644,A,48.7,"40,5",6,45,A
,,70470096,645,E,39.6,33,6,45,A
,,,,,,,,,
,,,,,,,,,
,,,,,,,,,
,,,,,Medidas / Measures,,,,
Modelo y Tipo / Model and type,Cil.,Nro. Original,,AE,Ext/Out,In,Alt/Height,Grades,Material
MERCEDES BENZ,,,,,,,,,
OM352-OM314-900-910-914-915-918-919,4-6,352 053 3131,504,A,45.07,37,8.3,45,A
940-950-983-984-1517-1518-1113-1114,,3520530031,505,A,45.07,37,8.3,30,A
,,352 053 2032,506,E,38.07,28,8.5,45,A
OM 364-OM366-1518,4-6,366 053 0931,560,A,43.88,35.5,7.7,30,A
,,352 053 2032,506,E,38.07,28,8.5,45,A
MOT.OM346-OM355-910/919/940/947/952,5-6,346 0530731,507,A,51.07,37,7.5,45,A
953/918/960/964/966/970/972/976/978/984,,355 053 1131,,,,,,,
1526,,346 053 0532,508,E,40.07,31,7.5,45,A
,,355 053 1032,,,,,,,
MOT.OM 355-OM 346-OM 355A TURBO,5-6,355 053 0131,563,A,51.07,37,7.5,30,A
977-951-968-969-1526,,355 053 0032,564,E,40.07,31,7.5,30,A
MOT.OM 401-402-403-404-404A-TURBO,6-V6,403 053 0331,538,A,61.12,51.1,9.4,30,A
"OM407A,LA,H,HA TURBO-900-901-905-907",V8,403 053 0032,522,E,53.12,43.1,10.2,45,A
911-913-919,V10,,,,,,,,
,V12,,,,,,,,
"MOT.OM 407-OM 401A TURBO-421A,LA",6-V6,403 053 0931,521,A,60.12,51.1,9.4,30,A
TURBO-OM422-OM422 A/LA TURBO-423,V8 V10,403 053 0032,522,E,53.12,43.1,10.2,45,A
OM423A/LA TURBO-424-427 H-447-449,V12,,,,,,,,
1518 TURBO,,,688,A,45.07,34.63,7.75,45,A
,,,689,E,43.87,34.57,7.75,45,A
OM 457-501-502 (24V-32V),,,720,A,47.4,36.6,8,20,A
,,,721,E,44.1,34.3,8,20,A
OM 904-906 (12V-18V),,,722,A,35.1,28,8,20,A
,,,723,E,40.1,31.2,8,45,A
M.W.M.,,,,,,,,,
MOT. D299-TD229,2-3,93273450023,513,A,43.2,34,7.5,45,A
,4-6,93273450033,514,E,39.2,33,7,45,A
SPRINT- 4.07-6.07-T/TCA,,,738,A,33.57,28.1,6.6,30,A
,,,739,E,40.6,34.1,6.7,30,A
6.10-TD/T/TCA,,,740,A,46.2,38.6,7.4,45,A
,,,741,E,43.1,34.5,7.4,45,A
NISSAN,,,,,,,,,
MOT.RD8,8,,574,A,62.03,54,8,45,A
,,,575,E,53.06,45,9.5,45,A
MOT. FD6T,6,,576,A,50.05,42,6.3,30,A
,,,577,E,41.03,34,7.05,45,A
MOT.PD6-PDT-PD-PE-PET,6,,578,A,58.55,52,4.1,45,A
,,,579,E,51.1,43,7.5,45,A
MOT.ED 30,4,,606,A,48.1,39,6.5,30,A
,,,607,E,39.1,30,7.5,45,A
MOT. L18-L20-L22,4,,610,A,41.15,33,7.5,45,A
,,,611,E,33.15,29,7.5,45,A
PEGASO,,,,,,,,,
MOT.1088,6,524750,517,A,47.12,39.3,8.5,30,A
,,524750,518,E,47.12,39.3,8.5,30,A
MOT.1135,6,,519,A,55,42,10,30,A
,,,520,E,49,39,10,45,A
PERKINS,,,,,,,,,
MOT.4-203-6-305,4-6,70470051,595,A,42.07,35,6.5,45,A
,,33124428,596,E,36,29,6.5,45,A
MOT.6-354,6,33152155,509,A,51.3,40.3,7.4,45,A
,,33152154,510,E,42.7,31.7,9.5,45,A
MOT.6-358,6,70470048,515,A,48.2,41,6.3,45,A
,,70470027,516,E,42.67,31.7,9.5,45,A
T 4.33,,,690,A,41.61,35.57,6,45,A
,,,691,E,35.41,29.47,6,45,A
4S 236,,,692,A,48.72,45,6,,A
,,,693,E,39.62,32.8,6.3,,A
,,,,,,,,,
,,,,,,,,,
,,,,,Medidas / Measures,,,,
Modelo y Tipo / Model and type,Cil.,Nro. Original,,AE,Ext/Out,In,Alt/Height,Grades,Material
PEUGEOT,,,,,,,,,
"MOT.XN1-XN2-XN1P-504 GL,TL,GR,SR",4,022650,552,A,43.65,36.4,10.5,30,A
2000-GNC,,022742,553,E,37.2,30,7,45,A
MOT.XD2-INDENOR -404-504 DIESEL,4,,597,A,42.5,34.5,8.3,30,A
,,,598,E,36.2,30,6.3,45,A
MOT.XD3-INDENOR-505 DIESEL TURBO,4,,540,A,44.2,38,6.2,45,A
,,,541,E,37.2,31,6.2,45,A
MOT.405 DIESEL,4,9606351380,608,A,40.2,34,7,45,A
,,9613765480,609,E,34.2,28,7,45,A
404-504-XM-KF5-KF6-XM7-XNA,4,0226-86,646,A,44.1,37.2,7,30,A
,,0227-44,647,E,37.5,31,7,45,A
"404-504 1600cc Ø8,5mm",4,,648,A,45.85,35,7,30,A
,,,649,E,37.6,29,7,45,A
106-205 1.4-206N TU5JP 1.4/1.6,4,,694,A,40.6,32,8,30,A
,,,695,E,33.1,26.5,8,45,A
206-305-405 XU7-XU9 1905cc,4,,696,A,43.16,34.5,7,45,A
,,,697,E,36.05,30,7.7,45,A
306-406-605-XU7JP4-1.8-XU10JUR 2.0 (16V),,,724,A,36.68,30,6.5,45,A
,,,725,E,31.86,25.6,6.5,45,A
DW8,,,755,A,39.85,32.5,7,,A
,,,756,E,33.85,28,7,,A
PEUGEOT 205 / 305 MOT. TU3 1.4,,,770,A,38.6,31.8,7,30º,A
,,,771,E,31.15,24.3,7,45º,A
RENAULT,,,,,,,,,
MOT.1400-MOD. 6 Y 12 GNC,4,,550,A,35.15,30,6.2,45,A
,,,551,E,31.55,25.3,6.5,45,A
MOT.1600-MOD 9 Y 11 GNC,4,,558,A,35.5,28.5,7.75,45,A
,,,559,E,30.65,25,6.8,45,A
MOT.2000-MOD.18,4,,614,A,44.7,37,10,45,A
,,,603,E,39.7,33,7,45,A
MOD. 19-EXPRES-CLIO DIESEL,4,,619,A,37.2,31,7,45,A
,,,620,E,32.7,27,7,45,A
9-11 1.6cc-GNC,,,698,A,35.5,28.5,9.15,45,A
,,,699,E,30.5,25,6.2,45,A
CLIO-MEGANE-SCENIC-K4M 1.6 (16V),,,726,A,33.52,29,5,45,A
,,,727,E,28.84,23,5.9,45,A
R19-R11-R19-R21-TRAFIC-CLIO-CHAMADA,,,728,A,41.2,33,6.5,30,A
F2N 1.7,,,729,E,33.75,28,7,45,A
LAGUNA-MEGANE-SCENIC-F9Q 1.9 DIESEL,,,730,A,37.1,30,7,45,A
,,,731,E,33.75,28,7,45,A
KANGOO-CLIO-MEGANE-E7J 1.4-K7M 1.6,,,732,A,38.75,32.5,7,30,A
,,,733,E,34.75,28,6.5,45,A
SCANIA,,,,,,,,,
MOT.N5220094-D11-D511 TURBO-112,6,289517-5,511,A,56,47.5,7.4,20,A
,,242672,512,E,52,40.6,10.3,45,A
MOT.N5220093-D11-D10-D510 TURBO,6,247182,530,A,56,47.7,7.75,30,A
D511-TURBO,,242672,531,E,52,40.6,10.3,45,A
MOD.113,6,289517,615,A,61,47.5,7.8,20,A
,,372972,616,E,52,39,10.3,45,A
DN 14-DS14 TURBO,8,131356-8,700,A,59.91,49.5,7.7,30,A
,,131357-6,701,E,51.91,39.5,7.7,30,A
L 80,,,702,A,55,45,9,30,A
,,,703,E,47,37.1,7.7,30,A
DN12-DS12-DSC12-DC11-LINEA 104-124,,,734,A,46.1,35,8,20,A
,,,735,E,44.1,35,8.55,45,A
TOYOTA,,,,,,,,,
MOT. HILUX DIESEL,4,,601,A,43.65,37,6,45,A
,,,602,E,36.5,30,6,45,A
,,,,,,,,,
,,,,,,,,,
,,,,,Medidas / Measures,,,,
Modelo y Tipo / Model and type,Cil.,Nro. Original,,AE,Ext/Out,In,Alt/Height,Grades,Material
TOYOTA,,,,,,,,,
MOT. C1,4,,612,A,40.2,33.5,7,45,A
,,,613,E,34.2,28,7,45,A
3L,,,766,A,42.7,36,6.5,,A
,,,767,E,36.15,30,8,,A
V.M,,,,,,,,,
MOT. HR 88/92 H-HT-BORGWARD,4,20440019BO2,585,A,42.1,34.6,8,35,A
,,20440027B02,586,E,36.1,29,8,45,A
SERIE SUN 195-295 VM ZANELLO,6,20440019B02,626,A,49.1,39,9.6,30,A
,,20440027B02,627,E,41.7,33,9.5,45,A
VOLKSWAGEN,,,,,,,,,
MOD.SENDA-RABBIT-GOLF-JETTA,4,5305-160,569,A,35.15,29,8,45,A
DASHER-SCIROCC0 DIESEL,,5305-161,570,E,33.15,27.7,8,45,A
MOD.GACEL-GOLF-SCIROCCO-PASSAT,4,,554,A,35.1,29,7.8,45,A
JETTA  GASOLINA Y GNC -1600,,,555,E,33.1,27,8.5,45,A
MOD.GACEL 1.8 GNC,4,,580,A,39.1,32.5,8,45,A
,,,581,E,33.55,27.3,8,45,A
POLO-GOLF-PASSAT 1900cc DIESEL,4,,650,A,37.02,31,8,45,A
,,,651,E,33.02,27,8,45,A
GOL TREND 1.6,,,768,A,35.6,"30,40","5,50",,A
,,,769,E,28.65,"23,50","5,50",,A
VOLVO,,,,,,,,,
MOT.D120/A TURBO-TD120 C/E/F/G-TURBO,6,423011/6,532,A,59.13,49,6.75,30,A
TD 121 F/G-F88-FG89-N/F12,,468448/6,533,E,56.6,45,9.5,45,A
MOT. D100 A-TD 100 A/F/G TURBO,6,422011/7,534,A,54.1,44.5,6.75,45,A
"F/N88,B56-58/B59-56-F,N 10/B10M,R",,422012/5,535,E,51.1,40.1,9.5,45,A
"MOT. TD 100B-TURBO-F,FB,FL 88",6,467474/3,536,A,54.08,44.3,6.75,30,A
,,467475/0,537,E,49.08,40,11.5,45,A
ASIENTOS SEMITERMINADOS,,,,,,,,,
SEMITERMINADOS,,,023,,39,19,11,,A
SEMITERMINADOS,,,025,,50,28,12,,A
SEMITERMINADOS,,,027,,64,38,12,,A
