MAHLE,EDIVAL,3B,ORIGINAL,FABRICANTE,
VA0060902,6252 A,,7004.00600500.8,AGRALE,
VA0060903,6253 A,3326 A,7006.00600500.3,AGRALE,
VA0060904,6254 A,,7007.00600500.1,AGRALE,
VC0060905,6250 AE,,7008.00600500.9,AGRALE,
VE0060323,6253 E,3327 E,7006.00600600.1,AGRALE,
VE0060906,6252 E,,7004.00600600.6,AGRALE,
VE0060907,6254 E,,7007.00600600.9,AGRALE,
VA0250168,1144 A,3736 AC,60811153,ALFA ROMEO,
VA0250500,21167 A,3316 AC,60808694,ALFA ROMEO,
VA1980840,1143 A,,60540326,ALFA ROMEO,
VA1980842,21142 A,,19536.03300.00,ALFA ROMEO,
VE0250169,21144 E,3737 ECBS,60811154,ALFA ROMEO,
VE0250501,21167 E,3317 EC,60808695,ALFA ROMEO,
VE1980841,21143 E,,60540325,ALFA ROMEO,
VE1980843,21142 E,,19510.03301.05,ALFA ROMEO,
VA3181202,501 A,,,ALPINO,
VE3181203,501 E,,,ALPINO,
VA1211172,1036 A,,3218732,AMERICAN MOTORS,
VE0090908,21037 E,,3224597,AMERICAN MOTORS,
VA0700242,1707 A,3488 AS,058 109 601 C,AUDI,
VA0700757,1219 A,3310 A,026 109 601-C,AUDI,
VA0700776,21711 A,,069 109 601 H,AUDI,
VA0700780,21927 A,3482 AB,028 109 601 H,AUDI,
VA0700784,26218 A,,068 109 601 D,AUDI,
VA0701129,21926 A,,028 109 601 A,AUDI,
VE0700243,21707 E,3489 ECBS,058 109 611 E,AUDI,
VE0700286,21711 E,3191 EB,074 109 611,AUDI,
VE0700770,21219 E,,053 109 611,AUDI,
VE0700778,21717 E,,058 109 611 M,AUDI,
VE0700781,21927 E,3483 EB,046 109 611 F,AUDI,
VE0700785,26218 E,,068 109 611 D,AUDI,
VE0701136,21926 E,,046 109 611 C,AUDI,
VA0730792,2001 A,101 A,7125556,BEDFORD,
VA0730792+08,2001 A+08,101 A+0.8,,BEDFORD,
VA0730794,2017 A,103 A,5751532-6384866,BEDFORD,
VA0730794+08,2017 A+08,103 A+0.8,,BEDFORD,
VE0730793,22001 E,1102 E,7147912,BEDFORD,
VE0730793+08,22001 E+08,1102 E+0.8,,BEDFORD,
VE0730795,22017 E,1104 EP,5754448-6366427,BEDFORD,
VE0730795+08,22017 E+08,1104 EP+0.8,,BEDFORD,
VA1400816,1950 A,457 A,1265453-1267721,BMW,
VA1400818,1951 A,,1257592,BMW,
VA1401176,1949 A,3178 A,11341727358,BMW,
VA1401177,1952 A,3448 A,1720827,BMW,
VA1401178,21953 A,,2242624,BMW,
VA1401226,1948 A,4026 AN,11341739820/822,BMW,
VE1400817,21950 E,1457 EC,1280643,BMW,
VE1400819,21951 E,,1250129,BMW,
VE1400820,21948 E,4027 EPN,11341739821/823,BMW,
VE1401179,21949 E,23179 ECBS,11341727352,BMW,
VE1401180,21952 E,3449 ECBS,1720828,BMW,
VE1401181,21953 E,,2242623,BMW,
VA0040322,21054 A,1567 ACP,20360026A,BORGWARD,
VA3200864,1033 A,252 A,E41-14-1,BORGWARD,
VA3200864+08,1033 A+08,252 A+0.8,,BORGWARD,
VA3200864+1,1033 A+1,,,BORGWARD,
VA3200866,1061 A,108 A,1113041000,BORGWARD,
VA3200866+08,1061 A+08,108 A+0.8,,BORGWARD,
VE0040322,21054 E,1567 ECBM,20370025A,BORGWARD,
VE3200865,1033 E,1253 E,E41-14-2,BORGWARD,
VE3200865+08,1033 E+08,1253 E+0.8,,BORGWARD,
VE3200865+1,1033 E+1,,,BORGWARD,
VE3200867,21061 E,1109 E,1113041100,BORGWARD,
VE3200867+08,21061 E+08,1109 E0.8,,BORGWARD,
VA0531057,4810 A,,262247,BRIGGS & STRATTON,
VE0531058,24810 E,,262246,BRIGGS & STRATTON,
VA0020136,1109 A,,412354,BUICK,
VE3211206,21108 E,,1486752,CADILLAC,
VA0391017,3080 A,,A58626,CASE,
VA0391018,3081 A,,A38422,CASE,
VA0391019,3082 A,,A58869,CASE,
VA0391020,3180 A,,A182172,CASE,
VA1961403,26082 A,,87802264,CASE,
VE0391227,23080 E,,A182173,CASE,
VE0391228,23081 E,,A38423,CASE,
VE0391229,23082 E,,A58870,CASE,
VE1961404,26082 E,,87802266,CASE,
VA0110143,3040 A,573 A,5S-6452,CATERPILLAR,
VA0110145,3053 A,,6N-9915,CATERPILLAR,
VA0110232,23077 A,3614 AC,7W-8064,CATERPILLAR,
VA0110235,2009 A,561 A,9L-7682,CATERPILLAR,
VA0110917,22010 A,1569 AP,1P-0407,CATERPILLAR,
VA0110918,23038 A,,4N-5654/2W-2622,CATERPILLAR,
VA0110919,23040 A,1573 ABS,2W-2621/7S-8809,CATERPILLAR,
VA0110920,23052 A,,1N-4885,CATERPILLAR,
VA0110921,23053 A,3210 AS,2W-2620,CATERPILLAR,
VA0110922,26283 A,,1W-1818,CATERPILLAR,
VA0110923,26285 A,,115-2368,CATERPILLAR,
VA0110926,3019 A,,7M-7358,CATERPILLAR,
VE0110142,3040 E,573 E,5S-6449,CATERPILLAR,
VE0110144,23240 E,,8N-0875,CATERPILLAR,
VE0110146,23053 E,23210 EBS,6N-9916,CATERPILLAR,
VE0110233,23077 E,3615 EC,136-0819,CATERPILLAR,
VE0110234,22009 E,1561 EB,9L-7683,CATERPILLAR,
VE0110346,23274 E,,100-4639,CATERPILLAR,
VE0110347,26284 E,,104-7184,CATERPILLAR,
VE0110930,22010 E,1569 ESS,1P-2629/8N-3725,CATERPILLAR,
VE0111231,22109 E,,9N-5125,CATERPILLAR,
VE0111232,23019 E,,9M-4163,CATERPILLAR,
VE0111233,23038 E,,7N-4580/1W-3860,CATERPILLAR,
VE0111234,23052 E,,7E-7830/8N-3725,CATERPILLAR,
VE0111237,23140 E,1573 EBS,2W-2877,CATERPILLAR,
VE0111239,26283 E,,1W-1819,CATERPILLAR,
VE0111240,26285 E,,115-2367,CATERPILLAR,
VE0111243,3053 E,,7N-0573,CATERPILLAR,
VA0111409,22108 A,,5I-7738,CATERPILLAR,
VE0111410,22108 E,,5I-7739,CATERPILLAR,
VA0111407,22280 A,,1456855,CATERPILLAR,
VE0111408,22280 E,,1456857,CATERPILLAR,
VA0111411,22281 A,, 1632442,CATERPILLAR,
VE0111412,22281 E,,1883122,CATERPILLAR,
VA3481481,1280 A,,481H-1007011BA,CHERY,
VE3481482,21280 E,,481H-1007012BA,CHERY,
VA0100328,1014 A,,868886,CHRYSLER,
VA0100330,1038 AGNC,274 A,,CHRYSLER,
"VA0100330 0,076",1038 AGNC1,274 A+3,,CHRYSLER,
"VA0100330 0,127",1038 AGNC2,274 A+5,,CHRYSLER,
"VA0100330 0,254",1038 AGNC3,274 A+10,,CHRYSLER,
"VA0100330 0,381",1038 AGNC4,274 A+15,,CHRYSLER,
"VA0100330 0,508",1038 AGNC5,274 A+20 ,,CHRYSLER,
"VA0100330 0,762",1038 AGNC6,274 A+30,2121580,CHRYSLER,
VA0100332,1063 AGNC,297 AC,,CHRYSLER,
"VA0100332 0,076",1063 AGNC1,297 AC+3,,CHRYSLER,
"VA0100332 0,127",1063 AGNC2,297 AC+5,,CHRYSLER,
"VA0100332 0,254",1063 AGNC3,297 AC+10,,CHRYSLER,
"VA0100332 0,381",1063 AGNC4,297 AC+15,,CHRYSLER,
"VA0100332 0,508",1063 AGNC5,297 AC+20,,CHRYSLER,
"VA0100332 0,762",1063 AGNC6,297 AC+30,,CHRYSLER,
VA0100335,1039 A,280 A,2465335,CHRYSLER,
"VA0100335 0,076",1039 A1,280 A+3,,CHRYSLER,
"VA0100335 0,127",1039 A2,280 A+5,2465336,CHRYSLER,
"VA0100335 0,254",1039 A3,280 A+10,,CHRYSLER,
"VA0100335 0,381",1039 A4,280 A+15,2465337,CHRYSLER,
"VA0100335 0,508",1039 A5,280 A+20,,CHRYSLER,
"VA0100335 0,762",1039 A6,280 A+30,2465338,CHRYSLER,
VA0100336,1073 A,,71301593,CHRYSLER,
"VA0100336 0,076",1073 A1,,71301594,CHRYSLER,
"VA0100336 0,127",1073 A2,,,CHRYSLER,
"VA0100336 0,254",1073 A3,,,CHRYSLER,
"VA0100336 0,381",1073 A4,,71301595,CHRYSLER,
VA0100337,1698 A,3470 AC,4648615,CHRYSLER,
VA0100338,1699 A,3500 AC,,CHRYSLER,
VA0100339,1905 A,3524 A,8933003515-53010512AA,CHRYSLER,
"VA0100339 0,076",1905 A1,,,CHRYSLER,
"VA0100339 0,381",1905 A4,,,CHRYSLER,
"VA0100339 0,762",1905 A6,,,CHRYSLER,
VA0100909,1040 A,,1859793,CHRYSLER,
"VA0100909 0,127",1040 A2,,,CHRYSLER,
"VA0100909 0,381",1040 A4,,,CHRYSLER,
"VA0100909 0,762",1040 A6,,,CHRYSLER,
VA0100914,1052 A,,601258,CHRYSLER,
VA0101341,1015 A,159 A,1109912,CHRYSLER,
VE0100329,1014 E,,954302,CHRYSLER,
VE0100333,21038 EGNC,1275 E,,CHRYSLER,
"VE0100333 0,076",21038 EGNC1,1275 E+3,,CHRYSLER,
"VE0100333 0,127 ",21038 EGNC2,1275 E+5,,CHRYSLER,
"VE0100333 0,254",21038 EGNC3,1275 E+10,,CHRYSLER,
"VE0100333 0,381",21038 EGNC4,1275 E+15,,CHRYSLER,
"VE0100333 0,508",21038 EGNC5,1275 E+20 ,,CHRYSLER,
"VE0100333 0,762",21038 EGNC6,1275 E+30,,CHRYSLER,
VE0100334,21063 EGNC,1297 EGX,,CHRYSLER,
"VE0100334 0,076",21063 EGNC1,1297 EGX+3,,CHRYSLER,
"VE0100334 0,127",21063 EGNC2,1297 EGX+5,,CHRYSLER,
"VE0100334 0,254",21063 EGNC3,1297 EGX+10,,CHRYSLER,
"VE0100334 0,381",21063 EGNC4,1297 EGX+15,,CHRYSLER,
"VE0100334 0,508",21063 EGNC5,,,CHRYSLER,
"VE0100334 0,762",21063 EGNC6,1297 EGX+30,,CHRYSLER,
VE0100340,21039 E,1280 E,3830705-2465339,CHRYSLER,
"VE0100340 0,076",21039 E1,1280 E+3,,CHRYSLER,
"VE0100340 0,127",21039 E2,1280 E+5,2465340,CHRYSLER,
"VE0100340 0,254",21039 E3,1280 E+10,,CHRYSLER,
"VE0100340 0,381",21039 E4,1280 E+15,2465341,CHRYSLER,
"VE0100340 0,508",21039 E5,1280 E+20,,CHRYSLER,
"VE0100340 0,762",21039 E6,1280 E+30,2465342,CHRYSLER,
VE0100341,21698 E,3471 ECP,4648613,CHRYSLER,
VE0100342,21699 E,3501 ECP,,CHRYSLER,
VE0100343,21905 E,3333 ECP,8933003860/3516-53010513AA,CHRYSLER,
"VE0100343 0,076",21905 E1,,,CHRYSLER,
"VE0100343 0,381",21905 E4,,,CHRYSLER,
"VE0100343 0,762",21905 E6,,,CHRYSLER,
VE0100910,21040 E,,2536979,CHRYSLER,
"VE0100910 0,127",21040 E2,,,CHRYSLER,
"VE0100910 0,381",21040 E4,,,CHRYSLER,
"VE0100910 0,762",21040 E6,,,CHRYSLER,
VE0100912,1015 E,,868553,CHRYSLER,
VE0100913,1052 E,,686928,CHRYSLER,
VE0100915,21915 E,3525 ECP,,CHRYSLER,
VE0100916,22003 E,,1852079,CHRYSLER,
VE0101244,21073 E,,71301597/3364,CHRYSLER,
"VE0101244 0,076",21073 E1,,71301598/3365,CHRYSLER,
"VE0101244 0,127",21073 E2,,,CHRYSLER,
"VE0101244 0,254",21073 E3,,,CHRYSLER,
"VE0101244 0,381",21073 E4,,,CHRYSLER,
VA0440551,1205 AGNC, 3301 AC,9153501780,CITROËN,
VA0440568,1206 A,3304 A ,96005391,CITROËN,
VA0440571,1215 A,,96172597,CITROËN,
VA0440572,1224 A,4034 AN,97531079,CITROËN,
VA0440574,1227 A,3842 A,96150145,CITROËN,
VA0440575,1228 A,4010 A ,96101886/96183535,CITROËN,
VA0440576,1230 A,3564 A,97327262,CITROËN,
VA0440577,1236 A,,93501279,CITROËN,
VA0440578,1423 A,3616 A,0948A9,CITROËN,
VA0440579,1424 A,3884 A,0948.99,CITROËN,
VA0441078,1420 A,3844 AC,0948.C2,CITROËN,
VA0660746,1001 A,,A-124-7a,CITROËN,
VA0660748,1059 A,,AYA-124-7,CITROËN,
"VA0660748 0,076",1059 A1,,,CITROËN,
"VA0660748 0,127",1059 A2,,,CITROËN,
VA0660750,1060 A,116 A,AM-124-111A,CITROËN,
"VA0660750 0,076",1060 A1,116 A+3,,CITROËN,
"VA0660750 0,127",1060 A2,116 A+5,,CITROËN,
VA0660752,1229 A,,95638449,CITROËN,
VA0661127,1043 A,,AZ-124-7,CITROËN,
VE0440283,21230 E,3565 ECB,96304239,CITROËN,
VE0440585,21205 E, 23301 ECB,9153501980,CITROËN,
VE0440586,21206 E, 3303 EC,96272853,CITROËN,
VE0440590,21215 E,,96172795,CITROËN,
VE0440593,21224 E,4035 EPN,97531046,CITROËN,
VE0440595,21227 E,3843 E,96150144,CITROËN,
VE0440596,21228 E,4011 ECB ,96101887,CITROËN,
VE0440598,21423 E,3617 ECBS,0949A8,CITROËN,
VE0440599,21424 E,3885 ECB,0949.99,CITROËN,
VE0441054,21420 E,3845 ECB,0949.B1,CITROËN,
VE0660749,21059 E,,AYA-124-8,CITROËN,
"VE0660749 0,076",21059 E1,,,CITROËN,
"VE0660749 0,127",21059 E2,,,CITROËN,
VE0660751,21060 E,1117 E,AM-124-8D,CITROËN,
"VE0660751 0,076",21060 E1,1117 E+3,,CITROËN,
"VE0660751 0,127",21060 E2,1117 E+5,,CITROËN,
VE0660753,21229 E,,95638450,CITROËN,
VE0661128,21043 E,,AZ-124-8,CITROËN,
VE0661245,21001 E,,AM-124-8b,CITROËN,
VA1911182,1110 A,,F6011302,CONTINENTAL,
"VA1911182 0,076",1110 A1,,,CONTINENTAL,
"VA1911182 0,381",1110 A4,,,CONTINENTAL,
VE1911183,21110 E,,F6011303,CONTINENTAL,
"VE1911183 0,076",21110 E1,,,CONTINENTAL,
"VE1911183 0,381",21110 E4,,,CONTINENTAL,
VA0210147,2005 A,420 A,135957,CUMMINS,
VA0210151,2078 A,3466 AC,3920867-3802355,CUMMINS,
VA0210153,2077 A,3334 AC,3924492-3802463,CUMMINS,
VA0210237,2106 A,,3418020-3068828-3800638,CUMMINS,
VA0210442,2074 A,3976 AC,3940735-3802924,CUMMINS,
VA0210444,2075 A,,3915506,CUMMINS,
VA0210445,2076 A,,3803360,CUMMINS,
VA0210446,2079 A,,3033234-3801356,CUMMINS,
VA0210967,2276 A,,3084045-3803854,CUMMINS,
VA0211371,2178 A,4024 AC,3942588-3800340,CUMMINS,
VA0211438,2107 A,,4059326 - 4965868,CUMMINS,
VC0210148,22205 AE,1420 EBS,145701,CUMMINS,
VC0210149,22005 AE,,3040830,CUMMINS,
VC0211248,22004 AE,1580 E,3275355,CUMMINS,
VC0211250,22104 AE,,3275356,CUMMINS,
VC0211251,3042 AE,,150288-68276,CUMMINS,
VE0210150,22078 E,3467 ECB,3920868-3802356,CUMMINS,
VE0210152,22177 E,3335 ECP,3921444-3802085,CUMMINS,
VE0210236,22106 E,,3418021-3070159-3800639,CUMMINS,
VE0210443,22074 E,3977 ECB,3940734-3802967,CUMMINS,
VE0211252,22076 E,,3070473-3803770,CUMMINS,
VE0211255,22079 E,,3818520-3801357,CUMMINS,
VE0211256,22105 E,,3226068,CUMMINS,
VE0211260,22276 E,3633 EBS,3800891-3166410,CUMMINS,
VE0211261,22279 E,,3895477,CUMMINS,
VE0211372,22178 E,4025 ECB,3942589-3800341,CUMMINS,
VE0211439,22107 E,,4101454,CUMMINS,
VA0211465,3041 A,,3803515,CUMMINS,
VE0211466,23041 E,,3803529,CUMMINS,
VA0211427,22178 A,,4089761,CUMMINS,
VA0950815,5102 A,3794 AN,,DAEWOO,
VA0951151,5100 A,,,DAEWOO,
VA0951152,5101 A,3816 AN,96182934,DAEWOO,
VE0951222,25102 E,3795 EBN,,DAEWOO,
VE0951263,25100 E,,,DAEWOO,
VE0951264,25101 E,3817 EPN,96182933,DAEWOO,
VA2020844,1085 A,455 A,13711-87701,DAIHATSU,
VA2020846,1520 A,,13711-87707,DAIHATSU,
VE2020845,21085 E,1455 ECP,13715-87701,DAIHATSU,
VE2020847,21520 E,,13715-87707,DAIHATSU,
VA3221207,1012 A,,10706300014,DE CARLO,
VE3221208,1012 E,,10706301034,DE CARLO,
VA0611265,2080 A,3446 AC,23501576-8929589,DETROIT DIESEL,
VC0611118,22219 AE,,8922516-5194968-23500501,DETROIT DIESEL,
VC0611119,22218 AE,,5109925-5197176,DETROIT DIESEL,
VC0611266,22018 AE,,5145172-5199323,DETROIT DIESEL,
VC0611267,22019 AE,,5114288-5195167,DETROIT DIESEL,
VC0611268,22022 AE,,5193666,DETROIT DIESEL,
VE0611270,22034 E,,8920914,DETROIT DIESEL,
VE0611272,22036 E,,5106136-5149771,DETROIT DIESEL,
VE0611273,22052 E,,5116137-5195948,DETROIT DIESEL,
VE0611275,22080 E,3445 ECB,23507504/6350,DETROIT DIESEL,
VA0500619,3023 A,,4231479,DEUTZ,
VA0500620,2028 A,282 A,2402585-ED-014708,DEUTZ,
VA0500620+08,2028 A+08,282 A+0.8,,DEUTZ,
VA0500622,22299 A,,4006053EC014808,DEUTZ,
VA0500626,23036 A,1556 ACB,4153631EB015508,DEUTZ,
VA0500626+04,23036 A+04,1556 ACB+0.4,,DEUTZ,
VA0500626+08,23036 A+08,1556 ACB+0.8,,DEUTZ,
VA0500629,23037 A,,3027163EE015508,DEUTZ,
VA0500629+04,23037 A+04,1556 ACB+0.4,,DEUTZ,
VA0500629+08,23037 A+08,,,DEUTZ,
VA0500631,23136 A,1556 ACB (30º),4153455EB015508,DEUTZ,
VA0500631+04,23136 A+04,1556 ACB (30º)+0.4,,DEUTZ,
VA0500631+08,23136 A+08,1556 ACB (30º)+0.8,,DEUTZ,
VA0500633,23236 A,,4159136EB015508,DEUTZ,
VA0500634,23336 A,1557 ACB 30°,4159140EB015508,DEUTZ,
VA0500634+04,23336 A+04,1557 ACBS+0.4 30°,,DEUTZ,
VA0500634+08,23336 A+08,1557 ACBS+0.8 30°,,DEUTZ,
VA0500636,3009 A,504 A,E0154084233,DEUTZ,
VA0500638,3010 A,506 A,E0152084621,DEUTZ,
VA0500640,3011 A,508 A,E01440820004,DEUTZ,
VA0500640+08,3011 A+08,508 A+0.8,,DEUTZ,
VA0500642,3034 A,549 A,20458ED015208,DEUTZ,
VA0500642+08,3034 A+08,549 A+0.8,,DEUTZ,
VA0500643,3035 A,1555 ACB,2137457ED015508,DEUTZ,
VA0500643+04,3035 A+04,1555 ACB+0.4,,DEUTZ,
VA0500643+08,3035 A+08,1555 ACB+0.8,,DEUTZ,
VA0500644,3135 A,1557 ACB,4159138EB015508,DEUTZ,
VA0500644+08,3135 A+08,,,DEUTZ,
VA0501050,22099 A,,3025936ED014808,DEUTZ,
VA0501051,23006 A,,4220143 - 4268371,DEUTZ,
VA0501052,23035 A,,4153629,DEUTZ,
VA0501391,3004 A,4014 AC,04283380EA013108,DEUTZ,
VE0500621,22028 E,1282 ECS,2409416ED14708,DEUTZ,
VE0500621+08,22028 E+08,1282 ECS+0.8,,DEUTZ,
VE0500623,22299 E,,4006054EC014808,DEUTZ,
VE0500624,23034 E,1549 ECP,20460ED015208,DEUTZ,
VE0500624+08,23034 E+08,1549 ECP+0.8,,DEUTZ,
VE0500625,23035 E,1555 ECB,4153696EB015508,DEUTZ,
VE0500625+04,23035 E+04,1555 ECB+0.4,,DEUTZ,
VE0500625+08,23035 E+08,1555 ECB+0.8,,DEUTZ,
VE0500627,23036 E,1556 ECB,4153697EB015508,DEUTZ,
VE0500627+04,23036 E+04,1556 ECB+0.4,,DEUTZ,
VE0500627+08,23036 E+08,1556 ECB+0.8,,DEUTZ,
VE0500630,23135 E,,4159137EB015508,DEUTZ,
VE0500630+08,23135 E+08,,,DEUTZ,
VE0500632,23136 E,1557 ECBS,4159139EB015508,DEUTZ,
VE0500632+04,23136 E+04,1557 ECBS+0.4,,DEUTZ,
VE0500632+08,23136 E+08,1557 ECBS+0.8,,DEUTZ,
VE0500635,23336 E,,4159141EB015508,DEUTZ,
VE0500637,3009 E,505 E,E0154084234,DEUTZ,
VE0500639,3010 E,507 E,E0152081325,DEUTZ,
VE0500641,3011 E,509 E,E01440820003,DEUTZ,
VE0500641+08,3011 E+08,509 E+0.8,,DEUTZ,
VE0501055,22099 E,,3025937ED014808,DEUTZ,
VE0501056,23006 E,,4220142,DEUTZ,
VE0501370,23005 E,,04902044 - 4228253,DEUTZ,
VE0501392,23004 E,4015 ECB,04283381EA013108,DEUTZ,
VA0501692,23424 A,,4131197,DEUTZ,
VA0501619,23410 A,,4124018,DEUTZ,
VE0501620,23410 E,,4124019,DEUTZ,
VA0501652,23414 A,,4131597,DEUTZ,
VE0501653,23414 E,,4131598,DEUTZ,
VA3230877,1013 A,,137515,DI TELLA,
VA3230877+1,1013 A+1,,,DI TELLA,
VA3231209,1062 A,,137548,DI TELLA,
VE3230878,21013 E,,137516,DI TELLA,
VE3230878+1,21013 E+1,,,DI TELLA,
VE3230879,21062 E,,137563,DI TELLA,
VA0250002,6001 A,380 AC,4340118,FIAT,
VA0250018,1162 A,3234 AC,46470637-46559031,FIAT,
VA0250052,21153 AGNC,3320 AC,7722907,FIAT,
VA0250054,1667 AGNC,856 AC,7617500,FIAT,
VA0250060,1066 AGNC,,4239917-4460697,FIAT,
VA0250159,1166 A,1826 AC,7547400,FIAT,
VA0250160,1264 A,3600 AC,7735898,FIAT,
VA0250162,6002 AGNC,3800 AC,46553046,FIAT,
VA0250165,1163 AGNC,3514 AC,46517325,FIAT,
VA0250166,6003 AGNC,3558 AC,46553048,FIAT,
VA0250271,6004 A,3956 AC,55205734,FIAT,
VA0250463,1068 AGNC,281 AC,4255779,FIAT,
VA0250465,1666 AGNC,855 AC,7609772,FIAT,
VA0250467,1017 A,167 A,4064701-4132958,FIAT,
VA0250469,1018 A,170 A,4015440,FIAT,
VA0250471,1042 A,172 A,4080364,FIAT,
VA0250473,1056 A,169 A,4121897,FIAT,
VA0250475,1067 A,174 A,4127674,FIAT,
VA0250477,1076 A,176 AC,4265695,FIAT,
VA0250481,1265 A,,7712114,FIAT,
VA0250495,21077 A,,4300760,FIAT,
VA0250498,21164 A,3384 ACS,7547158,FIAT,
VA0250500,21167 A,3316 AC,60808694,FIAT,
VA0250503,21267 A,3584 ACBS,7798620,FIAT,
VA0250506,21706 A,1828 AC,4424173,FIAT,
VA0250519,3012 A,513 A,561286,FIAT,
VA0250522,3014 A,517 A,555324,FIAT,
VA0250522+08,3014 A+08,517 A+0.8,,FIAT,
VA0250524,3015 A,521 A,580605,FIAT,
VA0250524+08,3015 A+08,521 A+0.8,,FIAT,
VA0250526,3018 A,,4621511,FIAT,
VA0250527,3021 A,540 A,8504782,FIAT,
VA0250529,3022 A,538 A,109443,FIAT,
VA0250531,3025 A,544 A,8300314,FIAT,
VA0250533,3026 A,523 A,8806875,FIAT,
VA0250536,3031 A,547 A,8824754,FIAT,
VA0250536+08,3031 A+08,547 A+0.8,,FIAT,
VA0250538,3032 A,519 A ,8823545-8823548,FIAT,
VA0250538+08,3032 A+08,519 A +0.8,,FIAT,
VA0250973,1016 A,,974776,FIAT,
VA0250979,6502 A,,4412816,FIAT,
VA0251433,6103 A,3998 AC,55185028,FIAT,
VE0250001,26001 E,1380 EC,59852970,FIAT,
VE0250019,21162 E,,46470638-7633752,FIAT,
VE0250051,21153 EGNC,3321 ECB,,FIAT,
VE0250053,21266 EGNC,1175 ECSS,5973128,FIAT,
VE0250059,21089 EGNC,1383 EC,,FIAT,
VE0250158,21165 E,1826 ECB,7597080,FIAT,
VE0250161,21264 E,3601 ECBS,7735899,FIAT,
VE0250163,26003 E,3559 ECB,46553049,FIAT,
VE0250164,21163 EGNC,3515 EC,46761370-46461209,FIAT,
VE0250166,26002 E,3801 EC,46553047,FIAT,
VE0250167,26002 EGNC,,,FIAT,
VE0250169,21144 E,3737 ECBS,60811154,FIAT,
VE0250272,26004 E,3997 ECB,55195498,FIAT,
VE0250464,21068 EGNC,1281 EG,,FIAT,
VE0250468,21017 E,1168 E,4064702,FIAT,
VE0250470,1018 E,171 E,4015441,FIAT,
VE0250472,21042 E,1173 E,4094908,FIAT,
VE0250474,21056 E,1169 E,4121898,FIAT,
VE0250476,21067 E,1174 E,4127675,FIAT,
VE0250478,21076 E,1177 EC,4377979,FIAT,
VE0250480,21166 E,1382 EC,5975341,FIAT,
VE0250482,21265 E,,46423334,FIAT,
VE0250493,21066 E,1175 EC,4250440,FIAT,
VE0250494,21068 E,1281 EC,4359309,FIAT,
VE0250496,21089 E,1383 EC,5973129,FIAT,
VE0250497,21153 E,3321 ECB,7574742,FIAT,
VE0250499,21164 E,3385 ECS,7588577,FIAT,
VE0250501,21167 E,3317 EC,60808695,FIAT,
VE0250502,21176 E,,4266321,FIAT,
VE0250504,21267 E,3585 ECBS,7783225,FIAT,
VE0250507,21706 E,1828 EC,4424174,FIAT,
VE0250515,23018 E,,4673608,FIAT,
VE0250517,23031 E,,7110829-8830045,FIAT,
VE0250517+08,23031 E+08,,,FIAT,
VE0250518,26003 EGNC,,,FIAT,
VE0250520,3012 E,514 E,576457,FIAT,
VE0250521,3013 E,516 E,539715,FIAT,
VE0250523,3014 E,515 A,555325,FIAT,
VE0250523+08,3014 E+08,518 E+0.8,,FIAT,
VE0250525,3015 E,522 E,580606,FIAT,
VE0250525+08,3015 E+08,522 E+0.8,,FIAT,
VE0250528,3021 E,541 E,8504783,FIAT,
VE0250530,3022 E,539 E,109442,FIAT,
VE0250532,3025 E,545 E,8300387,FIAT,
VE0250534,3026 E,524 E,8806876,FIAT,
VE0250535,3029 E,520 E ,8823544,FIAT,
VE0250535+08,3029 E+08,520 E +0.8,,FIAT,
VE0250537,3031 E,548 E,8825776,FIAT,
VE0250537+08,3031 E+08,548 E+0.8,,FIAT,
VE0250992,21016 E,,974767,FIAT,
VE0250995,21262 E,23234 EC,46559032,FIAT,
VE0251434,26103 E,3999 ECB,55185080,FIAT,
VE0251435,26104 E,3957 ECB,55203211,FIAT,
VA0251610,6005 A,,55224590,FIAT,
VE0251611,26005 E,,55231699,FIAT,
VA0251614,6311 A,,7085036,FIAT,
VE0251615,26411 E,,7085037,FIAT,
VA0140086,1311 AGNC,3146 AC,7083246,FIAT,
VE0140370,21311 EGNC,3147 ECB,7083242,FIAT,
VA0251632,6006 A,4156 AC,55240709,FIAT,
VA0251633,6106 A,4256 AC,55219002,FIAT,
VE0251476,26006 E,4257 EC,55218807,FIAT,
VA0130011,6151 A, 565 AC,9.2260.460.0054,FORD,
VA0210151,2078 A,3466 AC,3920867-3802355,FORD,
VA0210153,2077 A,3334 AC,3924492-3802463,FORD,
VA0441078,1420 A,3844 AC,0948.C2,FORD,
VA0570033,2015 A,250 A,0910030-0910069,FORD,
VA0570111,22031 A,1498 ACP,70910011,FORD,
VA0570231,2310 A,3858 ACB ,70910081,FORD,
VA0570250,22101 A,3344 ACB,70910053,FORD,
VA0590043,6069 AGNC,3036 A,84AU-6507-A,FORD,
VA0590044,1187 A,814 AC,84AU-6507-B,FORD,
VA0590066,1204 AGNC,3312 A,035 109 601 G,FORD,
VA0590067,1134 AGNC,3602 A,026 109 601-D,FORD,
VA0590094,6052 A,,78MU-6507-A,FORD,
VA0590170,1136 A,3062 AC,XS6E-6507-AA,FORD,
VA0590172,1132 A,3054 AC,89BM-6507BA,FORD,
VA0590174,1566 A,3092 AC,YS4E-6507-AB,FORD,
VA0590179,1137 AGNC,3064 AC,97MM-6507-B2B,FORD,
VA0590180,1233 AGNC,3066 AC,928M-6507-F2A,FORD,
VA0590181,1232 A,3052 AC,89BM-6507AA,FORD,
VA0590255,1567 A,3094 AC ,1S7Z-6507-AA,FORD,
VA0590292,21566 AGNC,3093 ECBS,,FORD,
VA0590664,1064 AGNC,193 AC,,FORD,
"VA0590664 0,076",1064 AGNC1,193 AC+3,,FORD,
"VA0590664 0,127",1064 AGNC2,193 AC+5,,FORD,
"VA0590664 0,254",1064 AGNC3,193 AC+10,,FORD,
"VA0590664 0,381",1064 AGNC4,193 AC+15,,FORD,
"VA0590664 0,508",1064 AGNC5,193 AC+20,,FORD,
"VA0590664 0,762",1064 AGNC6,193 AC+30,,FORD,
VA0590666,1074 AGNC,291 AC,,FORD,
"VA0590666 0,076",1074 AGNC1,291 AC+3,,FORD,
"VA0590666 0,127",1074 AGNC2,291 AC+5,,FORD,
"VA0590666 0,254",1074 AGNC3,291 AC+10,,FORD,
"VA0590666 0,381",1074 AGNC4,291 AC+15,,FORD,
"VA0590666 0,508",1074 AGNC5,291 AC+20,,FORD,
"VA0590666 0,762",1074 AGNC6,291 AC+30,,FORD,
VA0590668,1087 AGNC,367 AC,,FORD,
"VA0590668 0,076",1087 AGNC1,367 AC+3,,FORD,
"VA0590668 0,127",1087 AGNC2,367 AC+5,,FORD,
"VA0590668 0,254",1087 AGNC3,367 AC+10,,FORD,
"VA0590668 0,381",1087 AGNC4,367 AC+15,,FORD,
VA0590670,1132 AGNC,3054 AC,,FORD,
VA0590672,1133 AGNC,3068 AC,928M-6507-D1A,FORD,
VA0590674,1138 AGNC,3082 AC,,FORD,
VA0590676,1237 AGNC,3090 AC,97MM-6507-B2A,FORD,
VA0590677,1238 AGNC,,,FORD,
VA0590679,2007 AGNC,194 A,,FORD,
"VA0590679 0,076",2007 AGNC1,194 A+3,,FORD,
"VA0590679 0,127",2007 AGNC2,194 A+5,,FORD,
"VA0590679 0,254",2007 AGNC3,194 A+10,,FORD,
"VA0590679 0,381",2007 AGNC4,194 A+15,,FORD,
"VA0590679 0,508",2007 AGNC5,194 A+20,,FORD,
"VA0590679 0,762",2007 AGNC6,194 A+30,,FORD,
VA0590680,2008 AGNC,,,FORD,
"VA0590680 0,076",2008 AGNC1,,,FORD,
"VA0590680 0,127",2008 AGNC2,,,FORD,
"VA0590680 0,254",2008 AGNC3,,,FORD,
"VA0590680 0,381",2008 AGNC4,,,FORD,
"VA0590680 0,508",2008 AGNC5,,,FORD,
"VA0590680 0,762",2008 AGNC6,,,FORD,
VA0590685,1022 A,189 A,CIDE-6507-A,FORD,
"VA0590685 0,076",1022 A1,189 A+3,CIDE-6507-B,FORD,
"VA0590685 0,127",1022 A2,189 A+5,,FORD,
"VA0590685 0,254",1022 A3,189 A+10,,FORD,
"VA0590685 0,381",1022 A4,189 A+15,CIDE-6507-C,FORD,
"VA0590685 0,508",1022 A5,189 A+20,,FORD,
"VA0590685 0,762",1022 A6,189 A+30,CIDE-6507-D,FORD,
VA0590687,1024 A,,D2TZ-6507-A,FORD,
"VA0590687 0,076",1024 A1,,D2TZ-6507-B,FORD,
"VA0590687 0,381",1024 A4,,D2TZ-6507-C,FORD,
"VA0590687 0,762",1024 A6,,,FORD,
VA0590689,1045 A,191 A,BAC4DZ-6507-A,FORD,
"VA0590689 0,076",1045 A1,191 A+3,BAC4DZ-6507-B,FORD,
"VA0590689 0,127",1045 A2,191 A+5,,FORD,
"VA0590689 0,254",1045 A3,191 A+10,,FORD,
"VA0590689 0,381",1045 A4,191 A+15,BAC4DZ-6507-C,FORD,
"VA0590689 0,508",1045 A5,191 A+20,,FORD,
"VA0590689 0,762",1045 A6,191 A+30,,FORD,
VA0590691,1046 A,,72DR-6507-A,FORD,
"VA0590691 0,076",1046 A1,,72DR-6507-B,FORD,
"VA0590691 0,127",1046 A2,,,FORD,
"VA0590691 0,254",1046 A3,,,FORD,
"VA0590691 0,381",1046 A4,,72DR-6507-C,FORD,
"VA0590691 0,762",1046 A6,,,FORD,
VA0590693,1098 A,,79HM-6507-EA,FORD,
"VA0590693 0,076",1098 A1,,,FORD,
"VA0590693 0,127",1098 A2,,79HM-6507-FA,FORD,
"VA0590693 0,254",1098 A3,,,FORD,
"VA0590693 0,381",1098 A4,,79HM-6507-GA,FORD,
VA0590695,1106 A,,C5TZ-6507-A,FORD,
"VA0590695 0,076",1106 A1,,C5AZ-6507-B,FORD,
"VA0590695 0,381",1106 A4,,C5AZ-6507-C,FORD,
"VA0590695 0,762",1106 A6,,,FORD,
VA0590696,1131 A,3058 A,894F-6507-A1B,FORD,
VA0590697,1186 A,,86SM-6507-AA,FORD,
VA0590699,1333 A,3814 AC,X57E-6507-N2A,FORD,
VA0590700,1620 A,,E9NN-6507-AC,FORD,
VA0590701,1763 A,,723F-6507-AAA,FORD,
VA0590715,21564 A, 3040 AC,89FF-6507-AA/FA,FORD,
"VA0590715 0,076",21564 A1, 3040 AC+3,,FORD,
"VA0590715 0,127",21564 A2, 3040 AC+5,,FORD,
"VA0590715 0,254",21564 A3, 3040 AC+10,,FORD,
VA0590723,6064 A,328 A,D6NN-6507-A,FORD,
"VA0590723 0,076",6064 A1,328 A+3,D6NN-6507-B,FORD,
"VA0590723 0,381",6064 A4,328 A+15,D6NN-6507-C,FORD,
"VA0590723 0,762",6064 A6,328 A+30,,FORD,
VA0590724,6251 A,3038 A,79NU-6507-A,FORD,
VA0591075,1020 A,,C8TZ-6507-A,FORD,
"VA0591075 0,076",1020 A1,,C8TZ-6507-B,FORD,
"VA0591075 0,127",1020 A2,,,FORD,
"VA0591075 0,381",1020 A4,,C8TZ-6507-C,FORD,
"VA0591075 0,762",1020 A6,,,FORD,
VA0591076,1023 A,,C5DZ-6507-A,FORD,
"VA0591076 0,076",1023 A1,,C5DZ-6507-B,FORD,
"VA0591076 0,381",1023 A4,,C5DZ-6507-C,FORD,
"VA0591076 0,762",1023 A6,,,FORD,
VA0591077,1107 A,,C9DZ-6507-J,FORD,
"VA0591077 0,381",1107 A4,,,FORD,
"VA0591077 0,762",1107 A6,,,FORD,
VA0591079,1130 A,,711M-6507-DA,FORD,
"VA0591079 0,381",1130 A4,,,FORD,
VA0591080,1200 A,,C5AZ-6507-A,FORD,
"VA0591080 0,076",1200 A1,,C5AZ-6507-B,FORD,
"VA0591080 0,381",1200 A4,,C5AZ-6507-C,FORD,
VA0591081,1568 A,3042 AC ,F77Z-6507-AA/90TM-6507-AB,FORD,
VA0591083,1725 A,,D0AZ-6507-E,FORD,
"VA0591083 0,076",1725 A1,,D0AZ-6507-F,FORD,
"VA0591083 0,127",1725 A2,,,FORD,
"VA0591083 0,381",1725 A4,,D0AZ-6507-G,FORD,
"VA0591083 0,762",1725 A6,,,FORD,
VA0591084,1903 A,,D9TZ-6507-A,FORD,
"VA0591084 0,381",1903 A4,,,FORD,
VA0591085,2006 AGNC,197 A,B7A-6507-AA,FORD,
"VA0591085 0,076",2006 AGNC1,197 A+3,,FORD,
"VA0591085 0,127",2006 AGNC2,197 A+5,,FORD,
"VA0591085 0,254",2006 AGNC3,197 A+10,,FORD,
"VA0591085 0,381",2006 AGNC4,197 A+15,,FORD,
"VA0591085 0,508",2006 AGNC5,197 A+20,,FORD,
"VA0591085 0,762",2006 AGNC6,197 A+30,,FORD,
VA0591086,2040 A,,C4TZ-6507-A,FORD,
"VA0591086 0,076",2040 A1,,C4TZ-6507-B,FORD,
"VA0591086 0,127",2040 A2,,,FORD,
"VA0591086 0,381",2040 A4,,C4TZ-6507-C,FORD,
"VA0591086 0,762",2040 A6,,,FORD,
VA0591087,2081 A,,D9HZ-6507-G,FORD,
"VA0591087 0,127",2081 A2,,,FORD,
"VA0591087 0,381",2081 A4,,,FORD,
"VA0591087 0,762",2081 A6,,,FORD,
VA0591089,6059 A,198 A,B7A-6507-AA,FORD,
"VA0591089 0,076",6059 A1,198 A+3,B7A-6507-AB,FORD,
"VA0591089 0,127",6059 A2,198 A+5,,FORD,
"VA0591089 0,381",6059 A4,198 A+15,B7A-6507-AC,FORD,
"VA0591089 0,762",6059 A6,198 A+30,B7A-6507-AD,FORD,
VA0591338,1098 AGNC,310 AC,,FORD,
"VA0591338 0,076",1098 AGNC1,310 AC+3,,FORD,
"VA0591338 0,127",1098 AGNC2,310 AC+5,,FORD,
"VA0591338 0,254",1098 AGNC3,310 AC+10,,FORD,
"VA0591338 0,381",1098 AGNC4,310 AC+15,,FORD,
VA0591342,1604 A,,D7BZ-6507-A,FORD,
"VA0591342 0,076",1604 A1,,D7BZ-6507-B,FORD,
"VA0591342 0,381",1604 A4,,D7BZ-6507-C,FORD,
"VA0591342 0,762",1604 A6,,,FORD,
VA0591461,1274 A,3070 AC ,F57Z-6507-A,FORD,
VA0591471,1234 A,,1S4G-6507-CB,FORD,
VA0700678,1705 AGNC,3313 A,048 109 601 A,FORD,
VC0590663,1041 AE,,8BA-6505-A,FORD,
VC0590684,1019 AE,183 AE,A/B-6505,FORD,
VC0591092,1021 AE,,E93A 65-5,FORD,
VC0591093,1025 AE,,52-6505-A,FORD,
VC0591094,1026 AE,,11T-6505-A,FORD,
VE0130010,6151 E, 1565 ECP,9.3080.460.0024,FORD,
VE0210150,22078 E,3467 ECB,3920868-3802356,FORD,
VE0210152,22177 E,3335 ECP,3921444-3802085,FORD,
VE0441054,21420 E,3845 ECB,0949.B1,FORD,
VE0570034,22015 E,251 E,0910041-0910073,FORD,
VE0570112,22031 E,1498 ECP,70910012,FORD,
VE0570230,22101 E,23345 ECBS,70910054,FORD,
VE0570232,22310 E,3859 EBN,70910080,FORD,
VE0590042,26069 E,3037 EP,84AU-6505-A,FORD,
VE0590065,21605 EGNC,23238 EB,026 109 611 A,FORD,
VE0590092,26051 E,,78MU-6505-A/B,FORD,
VE0590171,21136 E,3063 ECB,XS6E-6505-AB,FORD,
VE0590173,21132 EGNC,3053 ECB,97BM-6505-AA,FORD,
VE0590175,21566 EGNC,3093 ECBS,,FORD,
VE0590178,21137 E,,98MM-6505-B2A,FORD,
VE0590182,21233 E,3067 ECB,948M-6505-D2A,FORD,
VE0590256,21567 E,3095 EC,1S7Z-6505-AA,FORD,
VE0590276,21568 E,3043 ECP ,F77Z-6505-AA/90TM-6505-AB,FORD,
VE0590296,21233 EGNC,,,FORD,
VE0590665,21064 EGNC,1192 EG,,FORD,
"VE0590665 0,076",21064 EGNC1,1192 EG+3,,FORD,
"VE0590665 0,127",21064 EGNC2,1192 EG+5,,FORD,
"VE0590665 0,254",21064 EGNC3,1192 EG+10,,FORD,
"VE0590665 0,381",21064 EGNC4,1192 EG+15,,FORD,
"VE0590665 0,508",21064 EGNC5,1192 EG+20,,FORD,
"VE0590665 0,762",21064 EGNC6,1192 EG+30,,FORD,
VE0590667,21074 EGNC,,,FORD,
"VE0590667 0,076",21074 EGNC1,,,FORD,
"VE0590667 0,127",21074 EGNC2,,,FORD,
"VE0590667 0,254",21074 EGNC3,,,FORD,
"VE0590667 0,381",21074 EGNC4,,,FORD,
"VE0590667 0,508",21074 EGNC5,,,FORD,
"VE0590667 0,762",21074 EGNC6,,,FORD,
VE0590669,21087 EGNC,1367 EGX,,FORD,
"VE0590669 0,076",21087 EGNC1,1367 EGX+3,,FORD,
"VE0590669 0,127",21087 EGNC2,1367 EGX+5,,FORD,
"VE0590669 0,254",21087 EGNC3,1367 EGX+10,,FORD,
"VE0590669 0,381",21087 EGNC4,1367 EGX+15,,FORD,
VE0590671,21132 E,,89BM-6505-CA,FORD,
VE0590673,21133 EGNC,3069 ECB,,FORD,
VE0590675,21138 EGNC,3083 ECB,,FORD,
VE0590681,21022 E,1190 E,CODE-6505-J/A,FORD,
"VE0590681 0,076",21022 E1,1190 E+3,CODE-6505-K/B,FORD,
"VE0590681 0,127",21022 E2,1190 E+5,,FORD,
"VE0590681 0,254",21022 E3,1190 E+10,,FORD,
"VE0590681 0,381",21022 E4,1190 E+15,CODE-6505-L/C,FORD,
"VE0590681 0,508",21022 E5,1190 E+20,,FORD,
"VE0590681 0,762",21022 E6,1190 E+30,,FORD,
VE0590682,21078 EGNC,1291 EGX,,FORD,
"VE0590682 0,076",21078 EGNC1,1291 EGX+3,,FORD,
"VE0590682 0,127",21078 EGNC2,1291 EGX+5,,FORD,
"VE0590682 0,254",21078 EGNC3,1291 EGX+10,,FORD,
"VE0590682 0,381",21078 EGNC4,1291 EGX+15,,FORD,
"VE0590682 0,508",21078 EGNC5,1291 EGX+20,,FORD,
"VE0590682 0,762",21078 EGNC6,1291 EGX+30,,FORD,
VE0590683,22006 EGNC,1195 E,,FORD,
"VE0590683 0,076",22006 EGNC1,1195 E+3,,FORD,
"VE0590683 0,127",22006 EGNC2,1195 E+5,,FORD,
"VE0590683 0,254",22006 EGNC3,1195 E+10,,FORD,
"VE0590683 0,381",22006 EGNC4,1195 E+15,,FORD,
"VE0590683 0,508",22006 EGNC5,1195 E+20,,FORD,
"VE0590683 0,762",22006 EGNC6,1195 E+30,,FORD,
VE0590688,21024 E,,C9AZ-6505-A,FORD,
"VE0590688 0,076",21024 E1,,C9AZ-6505-B,FORD,
"VE0590688 0,381",21024 E4,,C9AZ-6505-C,FORD,
"VE0590688 0,762",21024 E6,,,FORD,
VE0590690,21045 E,1192 E,BAC4DZ-6505-A,FORD,
"VE0590690 0,076",21045 E1,1192 E+3,,FORD,
"VE0590690 0,127",21045 E2,1192 E+5,,FORD,
"VE0590690 0,254",21045 E3,1192 E+10,,FORD,
"VE0590690 0,381",21045 E4,1192 E+15,BAC4DZ-6505-C,FORD,
"VE0590690 0,508",21045 E5,1192 E+20,,FORD,
"VE0590690 0,762",21045 E6,1192 E+30,,FORD,
VE0590692,21046 E,,72DR-6505-A,FORD,
"VE0590692 0,076",21046 E1,,72DR-6505-B,FORD,
"VE0590692 0,127",21046 E2,,,FORD,
"VE0590692 0,254",21046 E3,,,FORD,
"VE0590692 0,381",21046 E4,,72DR-6505-C,FORD,
"VE0590692 0,762",21046 E6,,,FORD,
VE0590694,21098 EGNC,1310 EG,,FORD,
"VE0590694 0,076",21098 EGNC1,1310 EG+3,,FORD,
"VE0590694 0,127",21098 EGNC2,1310 EG+5,,FORD,
"VE0590694 0,254",21098 EGNC3,1310 EG+10,,FORD,
"VE0590694 0,381",21098 EGNC4,1310 EG+15,,FORD,
VE0590702,21098 E,,84NM/84HM-6505-AA,FORD,
"VE0590702 0,076",21098 E1,,,FORD,
"VE0590702 0,127",21098 E2,,84NM/84HM-6505-BA,FORD,
"VE0590702 0,254",21098 E3,,,FORD,
"VE0590702 0,381",21098 E4,,84NM/84HM-6505-CA,FORD,
VE0590703,21104 E,1815 EB,035 109 611 F,FORD,
VE0590704,21106 E,,C5AE-6505-A,FORD,
"VE0590704 0,076",21106 E1,,C5AE-6505-B,FORD,
"VE0590704 0,381",21106 E4,,C5AE-6505-C,FORD,
"VE0590704 0,762",21106 E6,,,FORD,
VE0590705,21133 E,,928M-6505-D2A,FORD,
VE0590706,21137 EGNC,3065 EN,,FORD,
VE0590707,21186 E,,86SM-6505-AD,FORD,
VE0590708,21187 E,1814 ECP,84AU-6505-B,FORD,
VE0590710,21237 E,,97MM-6505-B2A,FORD,
VE0590711,21237 EGNC,,,FORD,
VE0590712,21238 E,,948M-6505-C2A,FORD,
VE0590713,21238 EGNC,,,FORD,
VE0590714,21333 E,3815 ECB,X57E-6505-N2A,FORD,
VE0590716,21564 E, 3041 ECB,89FF-6505-AA/FA,FORD,
"VE0590716 0,076",21564 E1, 3041 ECB+3,,FORD,
"VE0590716 0,127",21564 E2, 3041 ECB+5,,FORD,
"VE0590716 0,254",21564 E3, 3041 ECB+10,,FORD,
VE0590719,21620 E,,E9NN-6505-EC,FORD,
VE0590720,26064 E,1329 E,D6NN-6505-A,FORD,
"VE0590720 0,076",26064 E1,1329 E+3,D6NN-6505-B,FORD,
"VE0590720 0,381",26064 E4,1329 E+15,D6NN-6505-C,FORD,
"VE0590720 0,762",26064 E6,1329 E+30,,FORD,
VE0590721,26069 EGNC,,,FORD,
VE0590722,26251 E,,BD9M-6505-B,FORD,
VE0591096,21020 E,,C7TZ-6505-B,FORD,
"VE0591096 0,076",21020 E1,,C7TZ-6505-C,FORD,
"VE0591096 0,127",21020 E2,,,FORD,
"VE0591096 0,381",21020 E4,,C7TZ-6505-D,FORD,
"VE0591096 0,762",21020 E6,,,FORD,
VE0591097,21021 E,,C4TZ-6505-J,FORD,
"VE0591097 0,076",21021 E1,,C4TZ-6505-K,FORD,
"VE0591097 0,381",21021 E4,,C4TZ-6505-L,FORD,
"VE0591097 0,762",21021 E6,,C4TZ-6505-M,FORD,
VE0591099,21023 E,,C5DZ-6505-A,FORD,
"VE0591099 0,076",21023 E1,,C5DZ-6505-B,FORD,
"VE0591099 0,381",21023 E4,,C5DZ-6505-C,FORD,
"VE0591099 0,762",21023 E6,,,FORD,
VE0591100,21111 E,,C4TZ-6505-A,FORD,
"VE0591100 0,076",21111 E1,,C4TZ-6505-B,FORD,
"VE0591100 0,127",21111 E2,,,FORD,
"VE0591100 0,381",21111 E4,,,FORD,
"VE0591100 0,762",21111 E6,,,FORD,
VE0591102,21130 E,,791M-6505-DA,FORD,
"VE0591102 0,381",21130 E4,,,FORD,
VE0591103,21200 E,,C5AZ-6505-A,FORD,
"VE0591103 0,076",21200 E1,,C5AZ-6505-B,FORD,
"VE0591103 0,381",21200 E4,,C5AZ-6505-C,FORD,
VE0591107,21725 E,,D5AZ-6505-E/A,FORD,
"VE0591107 0,076",21725 E1,,D5AZ-6505-B,FORD,
"VE0591107 0,127",21725 E2,,,FORD,
"VE0591107 0,381",21725 E4,,D5AZ-6505-C,FORD,
"VE0591107 0,762",21725 E6,,,FORD,
VE0591109,21903 E,,D5AZ-6505-A,FORD,
"VE0591109 0,381",21903 E4,,,FORD,
VE0591110,22081 E,,D9HZ-6505-G,FORD,
"VE0591110 0,127",22081 E2,,,FORD,
"VE0591110 0,381",22081 E4,,,FORD,
"VE0591110 0,762",22081 E6,,,FORD,
VE0591277,21107 E,23006 ECP ,C9OE-6505-J,FORD,
"VE0591277 0,381",21107 E4,,C9OE-6505-L,FORD,
"VE0591277 0,762",21107 E6,,,FORD,
VE0591278,21763 E,,813F-6505-DAA,FORD,
VE0591279,6061 E,,D3NN-6505-A,FORD,
"VE0591279 0,076",6061 E1,,D3NN-6505-B,FORD,
"VE0591279 0,381",6061 E4,,D3NN-6505-C,FORD,
"VE0591279 0,762",6061 E6,,,FORD,
VE0591339,21138 E,,948M-6505-A2A,FORD,
VE0591343,21131 E,3059 E,894F-6505-A1B,FORD,
VE0591462,21274 E,3071 ECP ,F57Z-6505-A,FORD,
VE0591472,21234 E,,AM5G-6505-AB,FORD,
VE0700016,21104 EGNC,1815 EGX,,FORD,
VA0591654,1235 A,,1738494,FORD,
VE0591655,21235 E,,1706990,FORD,
VA0110232,23077 A,3614 AC,7W-8064,GENERAL MOTORS,
VA0130277,6156 A,3546 AC,9.4070.460.0034,GENERAL MOTORS,
VA0140015,1211 A, 3136 A,90323518-642763,GENERAL MOTORS,
VA0140026,1310 A,3578 AC,93248325,GENERAL MOTORS,
VA0140040,6800 AGNC,3109 AC,93203649,GENERAL MOTORS,
VA0140041,6801 AGNC,3110 AC,93203650,GENERAL MOTORS,
VA0140072,2524 A,3140 AC,90412277-641022,GENERAL MOTORS,
VA0140076,1212 AGNC,3138 AC,90412712,GENERAL MOTORS,
VA0140084,6101 A,332 AC,94621104/1038,GENERAL MOTORS,
"VA0140084 0,076",6101 A1,332 AC+3,94621039/1040,GENERAL MOTORS,
"VA0140084 0,127",6101 A2,332 AC+5,,GENERAL MOTORS,
"VA0140084 0,152",6101 A7,332 AC+6,94621041,GENERAL MOTORS,
"VA0140084 0,254",6101 A3,332 AC+10,,GENERAL MOTORS,
"VA0140084 0,304",6101 A8,332 AC+12,94621607,GENERAL MOTORS,
"VA0140084 0,381",6101 A4,332 AC+15,,GENERAL MOTORS,
"VA0140084 0,508",6101 A5,332 AC+20,,GENERAL MOTORS,
"VA0140084 0,762",6101 A6,332 AC+30,,GENERAL MOTORS,
VA0140086,1311 AGNC, 3146 AC,90215492,GENERAL MOTORS,
VA0140104,1011 AGNC,137 AG,2787537-3774052,GENERAL MOTORS,
"VA0140108 0,076",1011 AGNC1,137 AG+3,2787538-3786360,GENERAL MOTORS,
"VA0140110 0,381",1011 AGNC4,137 AG+15,,GENERAL MOTORS,
VA0140114,6127 A,344 AC,90136614/6613,GENERAL MOTORS,
"VA0140114 0,076",6127 A1,344 AC+3,90136615,GENERAL MOTORS,
"VA0140114 0,381",6127 A4,344 AC+15,90136616,GENERAL MOTORS,
"VA0140114 0,762",6127 A6,344 AC+30,90136617,GENERAL MOTORS,
VA0140183,2064 A,3164 AC,10241743,GENERAL MOTORS,
VA0140226,1320 A,,93333561,GENERAL MOTORS,
VA0140352,1007 A,,838437,GENERAL MOTORS,
VA0140354,1010 A,,3835519,GENERAL MOTORS,
"VA0140356 0,127",1011 AGNC2,137 AG+5,,GENERAL MOTORS,
"VA0140356 0,254",1011 AGNC3,137 AG+10,,GENERAL MOTORS,
"VA0140356 0,508",1011 AGNC5,137 AG+20,,GENERAL MOTORS,
"VA0140356 0,762",1011 AGNC6,137 AG+30,,GENERAL MOTORS,
VA0140359,1005 A,,3887127,GENERAL MOTORS,
"VA0140359 0,076",1005 A1,,3887138,GENERAL MOTORS,
"VA0140359 0,127",1005 A2,,,GENERAL MOTORS,
"VA0140359 0,381",1005 A4,,,GENERAL MOTORS,
"VA0140359 0,762",1005 A6,,,GENERAL MOTORS,
VA0140360,1071 A,,2638552,GENERAL MOTORS,
"VA0140360 0,076",1071 A1,,2638553,GENERAL MOTORS,
"VA0140360 0,127",1071 A2,,,GENERAL MOTORS,
"VA0140360 0,254",1071 A3,,,GENERAL MOTORS,
"VA0140360 0,381",1071 A4,,94625761,GENERAL MOTORS,
"VA0140360 0,508",1071 A5,,,GENERAL MOTORS,
"VA0140360 0,762",1071 A6,,94625762,GENERAL MOTORS,
VA0140361,1213 A,3168 A,8-94326-843-0,GENERAL MOTORS,
VA0140362,1309 A,,,GENERAL MOTORS,
VA0140363,1312 A,3148 AC,642651,GENERAL MOTORS,
VA0140364,1314 A,3158 AC,641015-90289197,GENERAL MOTORS,
VA0140365,1315 A,3774 AC,642758,GENERAL MOTORS,
VA0140366,2002 A,135 A,,GENERAL MOTORS,
VA0140372,21313 A,3954 AC,,GENERAL MOTORS,
VA0140376,21413 A,3970 AC,641025-97185860,GENERAL MOTORS,
VA0140383,6126 A,3108 AC,90106792/6518,GENERAL MOTORS,
"VA0140383 0,076",6126 A1,3108 AC+3,90106793,GENERAL MOTORS,
"VA0140383 0,381",6126 A4,3108 AC+15,90106794,GENERAL MOTORS,
"VA0140383 0,762",6126 A6,3108 AC+30,90106795,GENERAL MOTORS,
VA0140746,1002 A,,3765095-3799576,GENERAL MOTORS,
"VA0140746 0,076",1002 A1,,3774819-3871514,GENERAL MOTORS,
"VA0140746 0,127",1002 A2,,,GENERAL MOTORS,
"VA0140746 0,254",1002 A3,,,GENERAL MOTORS,
"VA0140746 0,381",1002 A4,,3774820-3871515,GENERAL MOTORS,
"VA0140746 0,508",1002 A5,,,GENERAL MOTORS,
"VA0140746 0,762",1002 A6,,3774821-3871516,GENERAL MOTORS,
VA0140899,6128 A,,90220119,GENERAL MOTORS,
"VA0140899 0,076",6128 A1,,,GENERAL MOTORS,
"VA0140899 0,381",6128 A4,,,GENERAL MOTORS,
"VA0140899 0,762",6128 A6,,,GENERAL MOTORS,
VA0140936,1006 A,,609379,GENERAL MOTORS,
VA0140937,1008 A,,839504,GENERAL MOTORS,
VA0140938,1009 A,,3688065,GENERAL MOTORS,
VA0140939,1511 A,3912 AC,90232973-642679,GENERAL MOTORS,
VA0140940,1650 A,,14025571-369399,GENERAL MOTORS,
"VA0140940 0,076",1650 A1,,,GENERAL MOTORS,
"VA0140940 0,127",1650 A2,,,GENERAL MOTORS,
"VA0140940 0,381",1650 A4,,,GENERAL MOTORS,
"VA0140940 0,762",1650 A6,,,GENERAL MOTORS,
VA0140941,1752 A,,14024249,GENERAL MOTORS,
"VA0140941 0,076",1752 A1,,,GENERAL MOTORS,
"VA0140941 0,381",1752 A4,,,GENERAL MOTORS,
VA0140942,1902 A,,,GENERAL MOTORS,
"VA0140942 0,076",1902 A1,,,GENERAL MOTORS,
"VA0140942 0,381",1902 A4,,,GENERAL MOTORS,
"VA0140942 0,762",1902 A6,,,GENERAL MOTORS,
VA0140943,22037 A,,558879,GENERAL MOTORS,
VA0141288,21316 A,,642168/90502316,GENERAL MOTORS,
VA0141377,1317 A,3808 A,90536065-641048,GENERAL MOTORS,
VA0141379,1318 A,3806 AC,641056,GENERAL MOTORS,
VA0141385,1319 A,3882 AN,96376881,GENERAL MOTORS,
VA0141396,1501 A,4006 AC,93399245,GENERAL MOTORS,
VA0141431,1502 A,4004 AC,93361392,GENERAL MOTORS,
VA0141579,1308 A,,55557741,GENERAL MOTORS,
VA0440567,1151 A,3241 AC,9350111580/480,GENERAL MOTORS,
VA0440567+04,1151 A+04,3241 AC+0.4,,GENERAL MOTORS,
VA0440567+08,1151 A+08,3241 AC+0.8,,GENERAL MOTORS,
VA0570024,2030 A,249 AC,70910009,GENERAL MOTORS,
VA0570038,2414 A,3392 AC,70910017,GENERAL MOTORS,
VA0570123,2100 A,3342 AC,70910025/35,GENERAL MOTORS,
VA0570250,22101 A,3344 ACB,70910053,GENERAL MOTORS,
VA0570657,22100 A,3388 ACB,70910037/34,GENERAL MOTORS,
VC0140351,1004 AE,,835583,GENERAL MOTORS,
VE0110233,23077 E,3615 EC,136-0819,GENERAL MOTORS,
VE0130278,26156 E,3547 ECBS,9.4070.460.0024,GENERAL MOTORS,
VE0140014,21211 E,3137 E,90323523-642890,GENERAL MOTORS,
VE0140025,21310 E,,93248326,GENERAL MOTORS,
VE0140039,26800 EGNC,23109 EC,,GENERAL MOTORS,
VE0140071,22524 E,23141 ECBS,90410813-641325,GENERAL MOTORS,
VE0140075,21212 EGNC,3139 EC,,GENERAL MOTORS,
VE0140083,26101 E,1332 ECP,94621105/1043,GENERAL MOTORS,
"VE0140083 0,076",26101 E1,1332 ECP+3,94621045,GENERAL MOTORS,
"VE0140083 0,127",26101 E2,1332 ECP+5,,GENERAL MOTORS,
"VE0140083 0,152",26101 E7,1332 ECP+6,94621047,GENERAL MOTORS,
"VE0140083 0,254",26101 E3,1332 ECP+10,94621609,GENERAL MOTORS,
"VE0140083 0,304",26101 E8,1332 ECP+12,,GENERAL MOTORS,
"VE0140083 0,381",26101 E4,1332 ECP+15,,GENERAL MOTORS,
"VE0140083 0,508",26101 E5,1332 ECP+20,,GENERAL MOTORS,
"VE0140083 0,762",26101 E6,1332 ECP+30,,GENERAL MOTORS,
VE0140105,21011 EGNC,1138 E,3724778-3989084,GENERAL MOTORS,
VE0140107,21011 EGNC1,1138 EG+3,2798539-7323107,GENERAL MOTORS,
VE0140109,21011 EGNC4,1138 EG+15,7323108-3995603,GENERAL MOTORS,
VE0140113,26127 E,1344 ECP,90136620/6621,GENERAL MOTORS,
"VE0140113 0,076",26127 E1,1344 ECP+3,90136622,GENERAL MOTORS,
"VE0140113 0,381",26127 E4,1344 ECP+15,,GENERAL MOTORS,
"VE0140113 0,762",26127 E6,1344 ECP+30,90136624,GENERAL MOTORS,
VE0140184,22064 E,3163 ECP,12550909,GENERAL MOTORS,
VE0140248,21320 E,,93333562,GENERAL MOTORS,
VE0140353,1007 E,,838717,GENERAL MOTORS,
VE0140355,1010 E,,3835650,GENERAL MOTORS,
"VE0140357 0,127",21011 EGNC2,1138 EG+5,,GENERAL MOTORS,
"VE0140357 0,254",21011 EGNC3,1138 EG+10,,GENERAL MOTORS,
"VE0140357 0,508",21011 EGNC5,1138 EG+20,,GENERAL MOTORS,
"VE0140357 0,762",21011 EGNC6,1138 EG+30,,GENERAL MOTORS,
VE0140367,21212 E,,90412974,GENERAL MOTORS,
VE0140368,21213 E,3169 E,8-94110-017-3,GENERAL MOTORS,
VE0140369,21309 E,,,GENERAL MOTORS,
VE0140370,21311 EGNC, 3147 ECB,,GENERAL MOTORS,
VE0140371,21312 E,3149 EC,641353,GENERAL MOTORS,
VE0140373,21313 E,3955 EC,,GENERAL MOTORS,
VE0140374,21314 E,3159 ECB,641317-90289198,GENERAL MOTORS,
VE0140375,21315 E,3775 ECBS,642858,GENERAL MOTORS,
VE0140377,21413 E,3971 EC,641369-97185352,GENERAL MOTORS,
VE0140378,26126 E,23108 ECPS,90106520/6797,GENERAL MOTORS,
"VE0140378 0,076",26126 E1,23108 ECSP+3,90106798,GENERAL MOTORS,
"VE0140378 0,381",26126 E4,23108 ECSP+15,90106799,GENERAL MOTORS,
"VE0140378 0,762",26126 E6,23108 ECSP+30,90106800,GENERAL MOTORS,
VE0140948,1006 E,,609380,GENERAL MOTORS,
VE0140949,1008 E,,839412,GENERAL MOTORS,
VE0140950,1009 E,,3835318,GENERAL MOTORS,
VE0140951,21005 E,,3859914-3940982,GENERAL MOTORS,
"VE0140951 0,076",21005 E1,,3881808,GENERAL MOTORS,
"VE0140951 0,127",21005 E2,,,GENERAL MOTORS,
"VE0140951 0,381",21005 E4,,,GENERAL MOTORS,
"VE0140951 0,762",21005 E6,,,GENERAL MOTORS,
VE0140954,21511 E,3913 ECB,90324413-642854,GENERAL MOTORS,
VE0140955,21650 E,,336733-340226,GENERAL MOTORS,
"VE0140955 0,076",21650 E1,,,GENERAL MOTORS,
"VE0140955 0,127",21650 E2,,,GENERAL MOTORS,
"VE0140955 0,381",21650 E4,,,GENERAL MOTORS,
"VE0140955 0,762",21650 E6,,,GENERAL MOTORS,
VE0140956,21752 E,,14024254,GENERAL MOTORS,
"VE0140956 0,076",21752 E1,,,GENERAL MOTORS,
"VE0140956 0,381",21752 E4,,,GENERAL MOTORS,
VE0140957,21902 E,,,GENERAL MOTORS,
"VE0140957 0,127",21902 E1,,,GENERAL MOTORS,
"VE0140957 0,381",21902 E4,,,GENERAL MOTORS,
"VE0140957 0,762",21902 E6,,,GENERAL MOTORS,
VE0140958,22037 E,,558873,GENERAL MOTORS,
VE0141283,21071 E,,2638365,GENERAL MOTORS,
"VE0141283 0,076",21071 E1,,,GENERAL MOTORS,
"VE0141283 0,127",21071 E2,,,GENERAL MOTORS,
"VE0141283 0,254",21071 E3,,,GENERAL MOTORS,
"VE0141283 0,381",21071 E4,,94625721,GENERAL MOTORS,
"VE0141283 0,508",21071 E5,,,GENERAL MOTORS,
"VE0141283 0,762",21071 E6,,94625722,GENERAL MOTORS,
VE0141286,26128 E,,90220111,GENERAL MOTORS,
"VE0141286 0,076",26128 E1,,,GENERAL MOTORS,
"VE0141286 0,127",26128 E2,,,GENERAL MOTORS,
"VE0141286 0,381",26128 E4,,,GENERAL MOTORS,
"VE0141286 0,762",26128 E6,,,GENERAL MOTORS,
VE0141287,26800 E,23109 ECP,10106027,GENERAL MOTORS,
VE0141289,21316 E,,642211/642208,GENERAL MOTORS,
VE0141378,21317 E,3809 EB,90536164-641357,GENERAL MOTORS,
VE0141380,21318 E,3807 ECB,641373,GENERAL MOTORS,
VE0141386,21319 E,3883 EN,96376980,GENERAL MOTORS,
VE0141573,21501 E,,93399247,GENERAL MOTORS,
VE0141432,21502 E,4005 ECB,93385791,GENERAL MOTORS,
VE0141580,21308 E,,24405815,GENERAL MOTORS,
VE0440581,21051 E,23241 ECP,9350111780,GENERAL MOTORS,
VE0440581+04,21051 E+04,23241 ECP+0.4,,GENERAL MOTORS,
VE0440581+08,21051 E+08,23241 ECP+0.8,,GENERAL MOTORS,
VE0570023,22029 E,,31431851,GENERAL MOTORS,
VE0570037,22414 E,3393 ECB,70910018,GENERAL MOTORS,
VE0570122,22100 E, 3389 ECB,70910038/36/27,GENERAL MOTORS,
VE0570230,22101 E,23345 ECBS,70910054,GENERAL MOTORS,
VE0141573,21501 E,,24578793,GENERAL MOTORS,
VE0140039,26820 E,23109 EC, 90323756,GENERAL MOTORS,
VA0251614,6311 A,,7085036,GENERAL MOTORS,
VE0251615,26411 E,,7085037,GENERAL MOTORS,
VA0141656,1512 A,,55557862,GENERAL MOTORS,
VE0141657,21512 E,,55558728,GENERAL MOTORS,
VA0141708,2098 A,,55599817,GENERAL MOTORS,
VE0141709,22098 E,,12625566,GENERAL MOTORS,
VA3241210,503 A,,22453,GILERA,
VA3241211,506 A,,35589,GILERA,
VA3241212,507 A,,,GILERA,
VC3241213,502 AE,,21770,GILERA,
VE3241214,20503 E,,22454,GILERA,
VE3241215,20506 E,,35590,GILERA,
VE3241216,20507 E,,,GILERA,
VA3250868,508 A,,,GUZZI,
VE3250869,508 E,,,GUZZI,
VA3080857,3016 A,526 A,151120-41,HANOMAG,
VC3080859,3017 AE,529 AE,RHC-503651,HANOMAG,
VC3080859+08,3017 AE+08,,,HANOMAG,
VC3080860,3027 AE,,151220056,HANOMAG,
VC3080861,3028 AE,,610690007,HANOMAG,
VE3080858,3016 E,527 E,151120-38,HANOMAG,
VA0510029,20523 A,,14711-KYO-890,HONDA,
VA0510045,20519 A,,14711383000,HONDA,
VA0510070,540 A,,14711-KW1-9000-R,HONDA,
VA0510116,513 A,,14711437000,HONDA,
VA0510126,541 A,,,HONDA,
VA0510128,542 A,,,HONDA,
VA0510130,527 A,,14711-428-000,HONDA,
VA0510132,20528 A,,14711-KGO-000,HONDA,
VA0510134,529 A,,14711-KL3-670,HONDA,
VA0510191,515 A,,14711413000,HONDA,
VA0510195,20543 A,,14711-KGA-B00,HONDA,
VA0510197,525 A,,14711-KRM-840,HONDA,
VA0510209,1191 A,3854 AN,14711-PO8000,HONDA,
VA0510227,526 A,,14711-KSS-900,HONDA,
VA0510257,1391 A,,14711-RNA-A000,HONDA,
VA0510263,1192 A,,14711-PWA-000,HONDA,
VA0510265,1193 A,,14711-PWC-000,HONDA,
VA0510269,21194 A,,14711-KCY-670,HONDA,
VA0510645,512 A,,,HONDA,
VA0510646,514 A,,14711399000,HONDA,
VA0510647,517 A,,,HONDA,
VA0510981,20518 A,,14711107020,HONDA,
VA0510983,20524 A,,,HONDA,
VA0510984,510 A,,14711081010,HONDA,
VA0510985,511 A,,,HONDA,
VA0510988,516 A,,14711426000,HONDA,
VA0510989,520 A,,,HONDA,
VA0510990,521 A,,14711371000,HONDA,
VA0511291,21190 A,3432 A,14711-PM3-000,HONDA,
VE0510030,20523 E,,14721-KYO-890,HONDA,
VE0510046,20519 E,,14721383000,HONDA,
VE0510069,20540 E,,14721-KW1-9000-R,HONDA,
VE0510117,20513 E,,14721437000,HONDA,
VE0510127,20541 E,,,HONDA,
VE0510129,20542 E,,,HONDA,
VE0510131,20527 E,,14721-471-000,HONDA,
VE0510133,20528 E,,14721-KGO-000,HONDA,
VE0510135,20529 E,,14721-KFO-000,HONDA,
VE0510192,20515 E,,14721415000,HONDA,
VE0510196,20544 E,,14721-KGA-B00,HONDA,
VE0510198,20525 E,,14721-KRM-840,HONDA,
VE0510210,21191 E,3855 EBN,14721-PO8000/P2A000,HONDA,
VE0510228,20526 E,,14721-KSS-900,HONDA,
VE0510264,21192 E,,14721-PWA-000,HONDA,
VE0510266,21193 E,,14721-PWC-000,HONDA,
VE0510270,20594 E,,,HONDA,
VE0510999,20510 E,,14721081010,HONDA,
VE0511000,20511 E,,,HONDA,
VE0511001,20512 E,,,HONDA,
VE0511003,20514 E,,14721116000,HONDA,
VE0511004,20516 E,,14721426000,HONDA,
VE0511005,20517 E,,,HONDA,
VE0511006,20518 E,,14721324010,HONDA,
VE0511007,20520 E,,14721438000,HONDA,
VE0511008,20521 E,,14721371000,HONDA,
VE0511010,20524 E,,,HONDA,
VE0511292,21190 E,3433 EBN,14721-PM3-000,HONDA,
VE0511297,21194 E,,14721-KCY-670,HONDA,
VA5511636,1189 A,,14711-PNA-000,HONDA,
VE5511618,21189 E,,14721-PNA-000,HONDA,
VA0551628,545 A,,14711-MAL-600  ,HONDA,
VE0511629,20545 E,,14721-MAL-600,HONDA,
VA0511630,546 A,,14711-MFJ-D00,HONDA,
VE0511631,20546 E,,14712-MFJ-D00,HONDA,
VA0511634,590,3836 AN,14711-KBB-900,HONDA,
VE0511635,20590 E,3837 EN,14721-KBB-900,HONDA,
VA5511683,1113 A,,14711-RB0-000,HONDA,
VE5511684,21193 E,,14721-RB0-000,HONDA,
VA1950838,5051 A,3426 A,MD-128740,HYUNDAI,
VA2080849,5050 A,,,HYUNDAI,
VA2081185,5052 A,,ME-011244,HYUNDAI,
VA2081300,5049 A,3796 AN,22211-02500,HYUNDAI,
VA2081301,5053 A,,22211-42220,HYUNDAI,
VE0441009,25049 E,3797 EBN,22212-02500,HYUNDAI,
VE2080848,25050 E,3721 EBN ,,HYUNDAI,
VE2081186,25051 E,3427 ESS,MD-127841,HYUNDAI,
VE2081187,25052 E,,ME-011245,HYUNDAI,
VE2081302,25053  E,,22212-42220,HYUNDAI,
VA2081440,1150 A,,22211-27001,HYUNDAI ,
VE2081441,21150 E,,22212-27001,HYUNDAI ,
VA2081664,5059 A,,22211-04000,HYUNDAI ,
VE2081665,25059 E,,22212-04070,HYUNDAI ,
VA2111594,5155 A,,22211-4A061,HYUNDAI ,
VE2111595,25155 E,,22212-4061,HYUNDAI ,
VA0380226,22038 A,,675046-C4,INTERNATIONAL,
VA0380228,22060 A,,676687-C4,INTERNATIONAL,
VA0380231,2072 A,,1818580-C1,INTERNATIONAL,
VA0381059,2010 A,,48060-HB,INTERNATIONAL,
VA0381060,2011 A,,48053-D,INTERNATIONAL,
VA0381061,2070 A,,352177-C1/2,INTERNATIONAL,
VA0381062,2071 A,,151269-R2,INTERNATIONAL,
VA0381063,2238 A,,1824642-C1,INTERNATIONAL,
VA0381064,2248 A,,1842913-C1/1826471-C1,INTERNATIONAL,
VA0381304,2073 A,3968 AC,1823875-C1,INTERNATIONAL,
VA0381307,22062 A,,675046-C2,INTERNATIONAL,
VE0380229,22061 E,,1810086-C2,INTERNATIONAL,
VE0381067,2010 E,,80171-HC,INTERNATIONAL,
VE0381068,2011 E,,48054-D,INTERNATIONAL,
VE0381069,22070 E,,874918-R2,INTERNATIONAL,
VE0381070,22071 E,,151443-R2,INTERNATIONAL,
VE0381310,22062 E,,675047-C2,INTERNATIONAL,
VE0381312,22073 E,,1824840-C1,INTERNATIONAL,eliminada x 22173 E
VE0381313,22238 E,,1824842-C1,INTERNATIONAL,
VE0381698,22173 E,,1842912-C1,INTERNATIONAL,
VA3261217,1028 A,,70010301700,ISARD,
VE3260870,21028 E,,60010301800,ISARD,
VA0140361,1213 A,3168 A,8-94326-843-0,ISUZU,
VA0240451,1114 A,847 AN,8-94153-969-0,ISUZU,
VA0240454,1125 A,3822 AN,8-94133-275-1,ISUZU,
VA0240456,5301 A,476 AC,8-94205-977-0,ISUZU,
VA0240458,5302 A,834 A,8-94217-178-0,ISUZU,
VA0240460,5306 A,832 AN,8-94251-273-0,ISUZU,
VA0240462,5308 A,,,ISUZU,
VA0240971,5307 A,837 A,9-12551-802-0,ISUZU,
VE0140368,21213 E,3169 E,8-94110-017-3,ISUZU,
VE0240452,21114 E,1847 EPN,8-94136-727-0,ISUZU,
VE0240453,1114 E,,8-94136-727-0,ISUZU,
VE0240455,21125 E,3823 EN,8-94247-875-1,ISUZU,
VE0240457,25301 E,1476 ECP,8-94200-743-0,ISUZU,
VE0240459,25302 E,1834 EP,8-94217-179-0,ISUZU,
VE0240461,25306 E,1832 EPN,8-94460-637-0,ISUZU,
VE0240463,25308 E,,,ISUZU,
VE0240972,25307 E,1837 EP,9-12552-801-0,ISUZU,
VA0010211,22083 A,3510 ACB,7301820,IVECO,
VA0210442,2074 A,,4895052,IVECO,
VA0250483,2027 A,286 AC,7130580-7110831,IVECO,
VA0250483+04,2027 A+04,286 AC+0.4,,IVECO,
VA0250483+08,2027 A+08,286 AC+0.8,,IVECO,
VA0250485,2048 A,,4580688,IVECO,
VA0250487,2085 A,3324 AC,4784888ED540651,IVECO,
VA0250487+04,2085 A+04,3324 AC+0.4,,IVECO,
VA0250489,2088 A,,98478407,IVECO,
VA0250491,2089 A,,99432652,IVECO,
VA0250505,2127 A,,98480846EC54065,IVECO,
VA0250509,22082 A,,4813760,IVECO,
VA0250511,22084 A,,4837598,IVECO,
VA0250513,22087 A,3586 ACB,98468338,IVECO,
VA0250538,3032 A,519 A ,8823545-8823548,IVECO,
VA0250538+08,3032 A+08,519 A +0.8,,IVECO,
VE0010212,22183 E,4041 ECB,99432837EC54-0652,IVECO,
VE0010284,22089 E,,500300595,IVECO,
VE0010285,22027 E,1286 ECS,51298-4683026,IVECO,
VE0010285+04,22027 E+04,1286 ECS+0.4,,IVECO,
VE0010285+08,22027 E+08,1286 ECS+0.8,,IVECO,
VE0210443,22074 E,,4895051,IVECO,
VE0250486,22048 E,,4632840,IVECO,
VE0250488,22085 E,3325 ECB,4784890ED540652,IVECO,
VE0250488+04,22085 E+04,3325 ECB+0.8,,IVECO,
VE0250490,22088 E,,98474604,IVECO,
VE0250510,22083 E,3511 ECB,7303309/4826033,IVECO,
VE0250512,22084 E,,4673861,IVECO,
VE0250514,22087 E,3587 ECB,98418161,IVECO,
VE0250516,23029 E,1520 EP,7130032,IVECO,
VE0250516+08,23029 E+08,1520 EP+0.8,,IVECO,
VA0011469,,4094 AC,500355778,IVECO,
VE0011470,22702 E,4095 ECB,504293892,IVECO,
VA0011687,2501 A,,500354685,IVECO,
VE0011688,22501 ECB,,504078215,IVECO,
VA0011467,2703 A,,504072531,IVECO,
VE0011468,22703 E,,504081062,IVECO,
VA1210447,1029 A,217 A,637182,JEEP,
VA1211172,1036 A,,3218732,JEEP,
"VA1211172 0,076",1036 A1,,3218809,JEEP,
"VA1211172 0,381",1036 A4,,3218810,JEEP,
"VA1211172 0,762",1036 A6,,,JEEP,
VA1211173,1900 A,,1370109,JEEP,
"VA1211173 0,076",1900 A1,,,JEEP,
"VA1211173 0,127",1900 A2,,,JEEP,
"VA1211173 0,254",1900 A3,,,JEEP,
"VA1211173 0,381",1900 A4,,,JEEP,
"VA1211173 0,762",1900 A6,,,JEEP,
VE1210448,1029 E,1218 E,637183,JEEP,
VE1211174,1037 E,,3224597,JEEP,
"VE1211174 0,076",1037 E1,,3218813/3224602,JEEP,
"VE1211174 0,381",1037 E4,,3218814/3224603,JEEP,
"VE1211174 0,762",1037 E6,,,JEEP,
VE1211175,21900 E,,1370108,JEEP,
"VE1211175 0,076",21900 E1,,,JEEP,
"VE1211175 0,127",21900 E2,,,JEEP,
"VE1211175 0,254",21900 E3,,,JEEP,
"VE1211175 0,381",21900 E4,,,JEEP,
"VE1211175 0,762",21900 E6,,,JEEP,
VA1211668,1031 A,,646421,JEEP,
VE1210449,21031 E,,802639,JEEP,
VA1211669,6453 A,,800558,JEEP,
VE1210450,6453 E,,B-12421,JEEP,
VE0230118,26454 E,,B-27220,JEEP,
VA0430540,3033 A,550 AC,R-52251,JOHN DEERE,
"VA0430540 0,076",3033 A1,550 AC+3,R-57332,JOHN DEERE,
"VA0430540 0,076+08",3033 A1+08,,,JOHN DEERE,
"VA0430540 0,127",3033 A2,550 AC+5,,JOHN DEERE,
"VA0430540 0,127+08",3033 A2+08,,,JOHN DEERE,
"VA0430540 0,254",3033 A3,550 AC+10,,JOHN DEERE,
"VA0430540 0,254+08",3033 A3+08,,,JOHN DEERE,
"VA0430540 0,381",3033 A4,550 AC+15,,JOHN DEERE,
"VA0430540 0,381+08",3033 A4+08,,,JOHN DEERE,
VA0430540+08,3033 A+08,550 AC+0.8,,JOHN DEERE,
VA0430543,3020 A,532 A,F-3213-R/J,JOHN DEERE,
VA0430543+08,3020 A+08,532 A+0.8,,JOHN DEERE,
VA0430545,3049 A,,R-51735,JOHN DEERE,
"VA0430545 0,076",3049 A1,,,JOHN DEERE,
"VA0430545 0,127",3049 A2,,,JOHN DEERE,
"VA0430545 0,381",3049 A4,,,JOHN DEERE,
VA0430546,3051 A,,R-98062,JOHN DEERE,
"VA0430546 0,381",3051 A4,,R-97490,JOHN DEERE,
VA0431023,23234 A,,R-83071,JOHN DEERE,
"VA0431023 0,076",23234 A1,,R-89223,JOHN DEERE,
"VA0431023 0,381",23234 A4,,R-89224,JOHN DEERE,
VA0431025,3058 A,,R-43883,JOHN DEERE,
"VA0431025 0,381",3058 A4,,R-45004,JOHN DEERE,
VA0431026,3059 A,,R-44174,JOHN DEERE,
VA0431028,3061 A,,R-90602,JOHN DEERE,
VA0431029,3062 A,,R-75690,JOHN DEERE,
VA0431030,3063 A,,R-84618,JOHN DEERE,
VA0431032,3158 A,,R-50358,JOHN DEERE,
VA0431033,3233 A,,R-79623,JOHN DEERE,
"VA0431033 0,076",3233 A1,,R-79628,JOHN DEERE,
"VA0431033 0,381",3233 A4,,R-79629,JOHN DEERE,
"VA0431033 0,762",3233 A6,,R-79630,JOHN DEERE,
VC0430539,22056 AE,,,JOHN DEERE,
VC0430539+08,22056 AE+08,,,JOHN DEERE,
VE0430541,23033 E,1550 EC,R-52252,JOHN DEERE,
"VE0430541 0,076",23033 E1,1550 EC+3,R-57333,JOHN DEERE,
"VE0430541 0,076+08",23033 E1+08,,,JOHN DEERE,
"VE0430541 0,127",23033 E2,1550 EC+5,,JOHN DEERE,
"VE0430541 0,127+08",23033 E2+08,,,JOHN DEERE,
"VE0430541 0,254",23033 E3,1550 EC+10,,JOHN DEERE,
"VE0430541 0,254+08",23033 E3+08,,,JOHN DEERE,
"VE0430541 0,381",23033 E4,1550 EC+15,,JOHN DEERE,
"VE0430541 0,381+08",23033 E4+08,,,JOHN DEERE,
VE0430541+08,23033 E+08,1550 EC+0.8,,JOHN DEERE,
VE0430542,23051 E,,R-90692,JOHN DEERE,
"VE0430542 0,381",23051 E4,,,JOHN DEERE,
VE0430544,3020 E,533 E,F-3214-R/J,JOHN DEERE,
VE0430544+08,3020 E+08,533 E+0.8,,JOHN DEERE,
VE0431315,23058 E,,R-50357,JOHN DEERE,
VE0431316,23059 E,,R-44175,JOHN DEERE,
VE0431317,23061 E,,R-90601,JOHN DEERE,
VE0431318,23062 E,,R-63982,JOHN DEERE,
VE0431319,23063 E,,R-84619,JOHN DEERE,
VE0431321,23158 E,,R-43679,JOHN DEERE,
"VE0431321 0,381",23158 E4,,R-43788,JOHN DEERE,
VE0431323,23233 E,,R-79624,JOHN DEERE,
"VE0431323 0,076",23233 E1,,R-79625,JOHN DEERE,
"VE0431323 0,381",23233 E4,,R-79626,JOHN DEERE,
"VE0431323 0,762",23233 E6,,R-79627,JOHN DEERE,
VA3161189,530 A,,,KAWASAKI,
VA3161190,531 A,,12004-014,KAWASAKI,
VA3161191,532 A,,12004-1010,KAWASAKI,
VA3161192,533 A,,,KAWASAKI,
VA3161193,534 A,,12004-1003,KAWASAKI,
VA3161194,535 A,,,KAWASAKI,
VA3161195,536 A,,,KAWASAKI,
VE3160862,20532 E,,12005-1009,KAWASAKI,
VE3161196,20530 E,,,KAWASAKI,
VE3161197,20531 E,,12005-007,KAWASAKI,
VE3161198,20533 E,,,KAWASAKI,
VE3161199,20534 E,,12005-1003,KAWASAKI,
VE3161200,20535 E,,,KAWASAKI,
VE3161201,20536 E,,,KAWASAKI,
VA0870812,5305 A,3296 A,0636-12-111,KIA MOTORS,
VA2081440,1150 A,,22211-27001,KIA MOTORS,
VA2110185,21147 A,3548 APN,ON01-12-111,KIA MOTORS,
VA2110187,1146 A,3828 AN,OK75D-12-111,KIA MOTORS,
VA2110229,1145 A,3298 AN,K710-12-111,KIA MOTORS,
VE0870814,25315 E,,0636-12-121,KIA MOTORS,
VE2081441,21150 E,,22212-27001,KIA MOTORS,
VE2110186,21147 E,3548 EBN,ON01-12-121,KIA MOTORS,
VE2110188,21146 E,3827 EBN,OK63C-12-121,KIA MOTORS,
VE2110249,21145 E,3299 EN,K710-12-121,KIA MOTORS,
VA2111594,5155 A,,22211-4A061,KIA MOTORS,
VE2111595,25155 E,,22212-4061,KIA MOTORS,
VA0861149,3044 A,,6127-41-4113,KOMATSU,
VA0411021,6481 A,,40-B-21,KUBOTTA,
VA0411022,6483 A,,14B-21,KUBOTTA,
VE0411023,6482 E,,5B-21,KUBOTTA,
VA0640741,1552 A,384 A,2101-1007010,LADA,
VA0640743,1553 A,3380 A,21081-1007010,LADA,
VA0640745,1554 A,3382 A,2108-1007010,LADA,
VE0640742,21552 E,1384 E,2101-1007012,LADA,
VE0640744,1553 E,3381 EP,2108-1007012,LADA,
VA0601113,2020 A,,F6001229,MACK TRUCKS,
VA0601442,2244 A,,690-GC-342,MACK TRUCKS,
VE0601116,22020 E,,,MACK TRUCKS,
VE0601117,22021 E,,,MACK TRUCKS,
VE0601443,22244 E,,G88-GC-416,MACK TRUCKS,
VA0601675,22224 A,,690 GC-2210,MACK TRUCKS,
VE0601676,22224 E,,688-GC-2378,MACK TRUCKS,
VA0601677,2431 A,,690-GC-410,MACK TRUCKS,
VE0601678,22410 E,,688-GC-344,MACK TRUCKS,
VA0601679,2122 A,,690-GC-2193,MACK TRUCKS,
VE0601680,2122 E,,688-GC-337A,MACK TRUCKS,
VA0601681,2124 A,,690-GC-2187,MACK TRUCKS,
VE0601682,22124 E,,688-GC-2352A,MACK TRUCKS,
VA0461153,2046 A,,51041010305,MAN,
VA0461154,2047 A,,,MAN,
VA0461155,22520 A,4000 ACB,51041010375,MAN,
VA0461324,2521 A,,51041010425,MAN,
VE0460600,22046 E,,51041010373,MAN,
VE0461163,2047 E,,,MAN,
VE0461325,22520 E,4001 ECB,51041010447,MAN,
VE0461326,22521 E,,51041010410,MAN,
VA0461693,22844 A,,07W109601,MAN,
VE0461694,22844 E,,07W109611,MAN,
VA0870805,1148 A,845 AN,ESD3-12-111,MAZDA,
VA0870806,1149 A,829 AN (30º) ,F801-12-111A,MAZDA,
VA0870808,5303 A,467 AN,0324-12-111A,MAZDA,
VA0870810,5304 A,468 A,0290-12-111C,MAZDA,
VA0870812,5305 A,3296 A,0636-12-111,MAZDA,
VA0871566,5150 A,,SL01-12-111,MAZDA,
VA2110185,21147 A,3548 APN,ON01-12-111,MAZDA,
VA2110229,1145 A,3298 AN,K710-12-111,MAZDA,
VE0870807,21149 E,1829 EPN (30º),F804-12-121,MAZDA,
VE0870809,25303 E,1467 EN,0324-12-121A/B,MAZDA,
VE0870811,25304 E,1468 E,0305-12-121,MAZDA,
VE0870813,25305 E,3297 EBN,0527-12-121,MAZDA,
VE0870814,25315 E,,0636-12-121,MAZDA,
VE0871150,21148 E,1845 EPN,E358-12-121,MAZDA,
VE0871567,25150 E,,SL01-12-121,MAZDA,
VE2110186,21147 E,3548 EBN,ON01-12-121,MAZDA,
VE2110249,21145 E,3299 EN,K710-12-121,MAZDA,
VA0871566,5150 A,,SL01-12-111,MAZDA,
VE0871567,25150 E,,SL01-12-121,MAZDA,
VA0480004,2126 A,,3520530101,MERCEDES-BENZ,
VA0480006,23047 A,3260 ACB,3660500326,MERCEDES-BENZ,
VA0480006+04,23047 A+04,3260 ACB+0.4,,MERCEDES-BENZ,
VA0480006+08,23047 A+08,3260 ACB+0.8,,MERCEDES-BENZ,
VA0480007,23147 A,3260 ACB 20º,3660501226,MERCEDES-BENZ,
VA0480048,2042 A,229 AC,3460530001,MERCEDES-BENZ,
VA0480048+04,2042 A+04,229 AC+0.4,,MERCEDES-BENZ,
VA0480048+08,2042 A+08,229 AC+0.8,,MERCEDES-BENZ,
VA0480056,22477 A,1839 ACB,4220500226/4420500526,MERCEDES-BENZ,
VA0480080,2142 A,843 AC,3450537001,MERCEDES-BENZ,
VA0480080+04,2142 A+04,843 AC+0.4,,MERCEDES-BENZ,
VA0480080+08,2142 A+08,843 AC+0.8,,MERCEDES-BENZ,
VA0480091,2143 A,3262 AC,3550530001,MERCEDES-BENZ,
VA0480096,3046 A,2026 AC(30º),3660500226,MERCEDES-BENZ,
VA0480096+04,3046 A+04,2026 AC(30º)+0.4,,MERCEDES-BENZ,
VA0480096+08,3046 A+08,2026 AC(30º)+0.8,,MERCEDES-BENZ,
VA0480193,23148 A,3856 AC,5410500226,MERCEDES-BENZ,
VA0480233,2467 A,3658 AN ,6110530101,MERCEDES-BENZ,
VA0480244,22478 A,3846 AC,9060500326,MERCEDES-BENZ,
VA0480601,2013 A,,3150530201,MERCEDES-BENZ,
VA0480602,1030 A,221A,636 053 0101,MERCEDES-BENZ,
VA0480604,2012 A,224 AC,3210530801/901,MERCEDES-BENZ,
VA0480604+08,2012 A+08,224 AC+0.8,,MERCEDES-BENZ,
VA0480606,2026 A,226 AC,3520530101,MERCEDES-BENZ,
VA0480606+04,2026 A+04,226 AC+0.4,,MERCEDES-BENZ,
VA0480606+08,2026 A+08,226 AC+0.8,,MERCEDES-BENZ,
VA0480610,22032 A,20226 ACB 45°,3520500026,MERCEDES-BENZ,
VA0480610+04,22032 A+04,20226 ACB+0.4 45°,,MERCEDES-BENZ,
VA0480610+08,22032 A+08,20226 ACB+0.8 45°,,MERCEDES-BENZ,
VA0480612,22132 A,20226 ACB (30º),,MERCEDES-BENZ,
VA0480612+04,22132 A+04,20226 ACB (30º)+0.4,,MERCEDES-BENZ,
VA0480612+08,22132 A+08,20226 ACB (30º)+0.8,,MERCEDES-BENZ,
VA0480617,2476 A,824 AC,6160530301/0201,MERCEDES-BENZ,
VA0480618,6302 A,,3260530701,MERCEDES-BENZ,
VA0481047,23347 A,,376 053 7501,MERCEDES-BENZ,
VA0481436,3648 A,4096 AC,A5410530101,MERCEDES-BENZ,
VA0481563,2465 A,,6510530101,MERCEDES-BENZ,
VA0570250,22101 A,3344 ACB,70910053,MERCEDES-BENZ,
VC0481344,60791,3874 EC,9060160791,MERCEDES-BENZ,
VC0481345,60691,3875 EC,5410160791,MERCEDES-BENZ,
VC0481444,60291 ,3693 E,A4420160291,MERCEDES-BENZ,
VE0480003,2026 E,,3520531505,MERCEDES-BENZ,
VE0480005,23047 E,23260 ECB ,3660500227,MERCEDES-BENZ,
VE0480005+04,23047 E+04,23260 ECB+0.4,,MERCEDES-BENZ,
VE0480005+08,23047 E+08,23260 ECB+0.8,,MERCEDES-BENZ,
VE0480047,22042 E,1229 EC,3460530005,MERCEDES-BENZ,
VE0480047+04,22042 E+04,1229 EC+0.4,,MERCEDES-BENZ,
VE0480047+08,22042 E+08,1229 EC+0.8,,MERCEDES-BENZ,
VE0480055,22477 E,1839 ECB,4220500127/4420500227,MERCEDES-BENZ,
VE0480079,22142 E,1843 ECP,3450500127/7005,MERCEDES-BENZ,
VE0480079+04,22142 E+04,1843 ECP+0.4,,MERCEDES-BENZ,
VE0480079+08,22142 E+08,1843 ECP+0.8,,MERCEDES-BENZ,
VE0480090,22143 E,3263 ECB,3550530005,MERCEDES-BENZ,
VE0480097,23046 E,23260 ECB,3660500027,MERCEDES-BENZ,
VE0480097+04,23046 E+04,23260 ECB+0.4,,MERCEDES-BENZ,
VE0480097+08,23046 E+08,23260 ECB+0.8,,MERCEDES-BENZ,
VE0480194,23148 E,3857 ECB,5410500227,MERCEDES-BENZ,
VE0480245,22478 E,3847 ECB,9060500327,MERCEDES-BENZ,
VE0480251,22467 E,3659 EN ,6110530105,MERCEDES-BENZ,
VE0480300,22476 E,1824 ECB ,6160500527/0027,MERCEDES-BENZ,
VE0480603,1030 E,222 E,636 053 0105,MERCEDES-BENZ,
VE0480605,22012 E,1225 ECP,3210530705,MERCEDES-BENZ,
VE0480605+08,22012 E+08,1225 ECP+0.8,,MERCEDES-BENZ,
VE0480607,22026 E,1226 ECB,3520531505,MERCEDES-BENZ,
VE0480607+04,22026 E+04,1226 ECB+0.4,,MERCEDES-BENZ,
VE0480607+08,22026 E+08,1226 ECB+0.8,,MERCEDES-BENZ,
VE0480611,22032 E,21226 ECB,,MERCEDES-BENZ,
VE0480611+04,22032 E+04,21226 ECB+0.4,,MERCEDES-BENZ,
VE0480611+08,22032 E+08,21226 ECB+0.8,,MERCEDES-BENZ,
VE0480616,23147 E,23260 ECB,3660500627,MERCEDES-BENZ,
VE0481049,22013 E,,3150530005,MERCEDES-BENZ,
VE0481330,23347 E,,376 053 0105,MERCEDES-BENZ,
VE0481331,26302 E,,3260530905,MERCEDES-BENZ,
VE0481437,23648 E,4097 ECB,4570500327,MERCEDES-BENZ,
VE0481487,22688 E,4109 ECB,9060500827,MERCEDES-BENZ,
VE0481564,22465 E,,6510530127,MERCEDES-BENZ,
VE0570230,22101 E,23345 ECBS,70910054,MERCEDES-BENZ,
VA0481563,2465 A,,6510530101,MERCEDES-BENZ,
VE0481564,22465 E,,6510500127,MERCEDES-BENZ,
VC0481565,60191,,A 442 016 03 91,MERCEDES-BENZ,
VA1950223,21626 A,,MD-198403/04,MITSUBISHI,
VA1950247,6081 A,3580 AN ,ME-202687,MITSUBISHI,
VA1950261,1627 A,3464 AN,MD-159502,MITSUBISHI,
VA1950821,1086 A,462 A,MD-016460,MITSUBISHI,
VA1950823,1127 A,3522 AN,MD-070691,MITSUBISHI,
VA1950825,1128 A,4032 AN,MD-085253,MITSUBISHI,
VA1950827,1129 A,3462 AN ,MD-162422,MITSUBISHI,
VA1950829,1624 A,3594 A,MD-083661,MITSUBISHI,
VA1950831,1628 A,3278 AN,MD-029006,MITSUBISHI,
VA1950834,21126 A,,32A0410101,MITSUBISHI,
VA1950835,5201 A,831 A,MD-000480,MITSUBISHI,
VA1950838,5051 A,3426 A,MD-128740,MITSUBISHI,
VA1950234,1629 A,,MD-088811,MITSUBISHI,
VE1950224,21626 E,,MD-198405/06,MITSUBISHI,
VE1950246,26081 E,3581 EBN ,ME-202688,MITSUBISHI,
VE1950262,21627 E,3465 EBM,MD-197106,MITSUBISHI,
VE1950822,21086 E,1462 E,MD-016461,MITSUBISHI,
VE1950824,21127 E,3523 EBN,MD-070693,MITSUBISHI,
VE1950826,21128 E,4033 EPN,MD-085254,MITSUBISHI,
VE1950828,21129 E,3463 EBN ,MD-162616,MITSUBISHI,
VE1950830,21624 E,3595 EP,MD-083662,MITSUBISHI,
VE1950832,21628 E,3279 EPN,MD-029007,MITSUBISHI,
VE1950834,21126 E,,32A0411100,MITSUBISHI,
VE1950836,25201 E,1831 ECP,MD-000481,MITSUBISHI,
VE1950235,21629 E,,MD088812,MITSUBISHI,
VE2081186,25051 E,3427 ESS,MD-127841,MITSUBISHI,
VA9990876,4726 A,,20672600,MOT. ESTAC. (BOUNOUS),
VA9990888,4639 A,,22072601,MOT. ESTAC. (BOUNOUS),
VA9990897,4638 A,,20772600,MOT. ESTAC. (BOUNOUS),
VA9991162,4642 A,,21272600,MOT. ESTAC. (BOUNOUS),
VE9990887,24639 E,,22072701,MOT. ESTAC. (BOUNOUS),
VE9990889,24727 E,,20672700,MOT. ESTAC. (BOUNOUS),
VA9990890,4001 A,,,MOT. ESTAC. (DIAR),
VA9990892,4002 A,,,MOT. ESTAC. (DIAR),
VE9990891,4001 E,,,MOT. ESTAC. (DIAR),
VE9990893,4002 E,,,MOT. ESTAC. (DIAR),
VA9990886,4014 A,,,MOT. ESTAC. (INARMO),
VA9990895,4004 A,,20009,MOT. ESTAC. (INARMO),
VE9990880,24004 E,,20010,MOT. ESTAC. (INARMO),
VE9990885,24014 E,,,MOT. ESTAC. (INARMO),
VA9991158,4011 A,,A3 100053,MOT. ESTAC. (IRALVIL),
VA9991161,4100 A,,A-3100045,MOT. ESTAC. (IRALVIL),
VE9991167,24011 E,,A3 100053,MOT. ESTAC. (IRALVIL),
VE9991171,24100 E,,A-3100045,MOT. ESTAC. (IRALVIL),
VC9990894,4003 AE,,,MOT. ESTAC. (LISTER),
VA9991156,4005 A,,554,MOT. ESTAC. (MILROD),
VA9991157,4009 A,,,MOT. ESTAC. (MILROD),
VE9991164,24005 E,,544,MOT. ESTAC. (MILROD),
VE9991166,24009 E,,,MOT. ESTAC. (MILROD),
VA9990896,4006 A,,,MOT. ESTAC. (ORIPON),
VE9991165,24006 E,,,MOT. ESTAC. (ORIPON),
VA9990882,4007 A,,,MOT. ESTAC. (VILLA),
"VA9990882 0,076",4007 A1,,,MOT. ESTAC. (VILLA),
"VA9990882 0,127",4007 A2,,,MOT. ESTAC. (VILLA),
VA9990884,4008 A,,,MOT. ESTAC. (VILLA),
"VA9990884 0,076",4008 A1,,,MOT. ESTAC. (VILLA),
"VA9990884 0,127",4008 A2,,,MOT. ESTAC. (VILLA),
VA9991160,4020 A,,95,MOT. ESTAC. (VILLA),
VE9990881,24007 E,,,MOT. ESTAC. (VILLA),
"VE9990881 0,076",24007 E1,,,MOT. ESTAC. (VILLA),
"VE9990881 0,127",24007 E2,,,MOT. ESTAC. (VILLA),
VE9990883,24008 E,,,MOT. ESTAC. (VILLA),
"VE9990883 0,076",24008 E1,,,MOT. ESTAC. (VILLA),
"VE9990883 0,127",24008 E2,,,MOT. ESTAC. (VILLA),
VE9991169,24020 E,,95,MOT. ESTAC. (VILLA),
VE9991170,24021 E,,401/1,MOT. ESTAC. (VILLA),
VA0130011,6151 A, 565 AC,9.2260.460.0054,MWM,
VA0130099,6153 A,3390 AC,6.2280.460.3014,MWM,
VA0130101,6154 A,3422AC,9.6100.460.0034,MWM,
VA0130277,6156 A,3546 AC,9.4070.460.0034,MWM,
VA0130933,26154 A,,9.6120.460.0024,MWM,
VA0130935,6152 A,,9.2220.460.0024,MWM,
VE0130010,6151 E, 1565 ECP,9.3080.460.0024,MWM,
VE0130098,26153 E,3391 ECB,9.2290.460.0034,MWM,
VE0130100,26154 E,23423ECBS,9.6100.460.0024,MWM,
VE0130239,26354 E,,9.6120.460.0014,MWM,
VE0130278,26156 E,3547 ECBS,9.4070.460.0024,MWM,
VE0131337,6152 E,,9.2220.460.1014,MWM,
VA0381699,6183 A,,1839968-C1,MWM,
VE0381700,26183 E,,1839968-C1,MWM,
VE0380227,22038 E,,676865-C4,NAVISTAR,
VE0380230,22072 E,,1824838-C1,NAVISTAR,
VA0030138,5004 A,3227 AC,13201/202-H2310,NISSAN,
VA0030139 ,5007 A,,13201-N8501,NISSAN,
VA0030204,5008 A,3528 AN,13201-40F00,NISSAN,
VA0030311 ,1090 A,438 AC,13201-H1000,NISSAN,
VA0030313,1115 A,437 AN ,13201-P0500,NISSAN,
VA0030314,1123 A,3772 APN,13201-G2403,NISSAN,
VA0030317,21197 A,,13201-22301,NISSAN,
VA0030319,4397 A,,13201-22J10/J11,NISSAN,
VA0030320,4398 A,3352 A,13201-515-G0,NISSAN,
VA0030321,5012 A,3350 A,13201-L2000,NISSAN,
VA0030331,1124 A,4028 AN,13201-50K00,NISSAN,
VA0030379,5010 A,,13201-25M00,NISSAN,
VA0030380,5011 A,841 AN,13201-31M00,NISSAN,
VA0031126,25009 A,3454 AN,13201-57Y00,NISSAN,
VA0031340,5013 A,3282 AN,13201-V5202,NISSAN,
VA0031455,1199 A,,13201-W0401,NISSAN,
VA0031457,5014 A,,13201-EN20A,NISSAN,
VA0181483,1364 A,4080 AN,,NISSAN,
VE0030312,1092 E,1438 E,13202-N0400/1,NISSAN,
VE0030315,21115 E,1437 EPN ,13202-78201,NISSAN,
VE0030316,21123 E,3773 EPN,13202-G2403,NISSAN,
VE0030317,21197 E,,13202-V7202,NISSAN,
VE0030318,25013 E,23282 EBN,13202-V6510,NISSAN,
VE0030381 ,25004 E,23227 ECP,13212/213-H2310,NISSAN,
VE0030686,25008 E,3529 EBN,13202-40F01,NISSAN,
VE0030901,25012 E,3351 E,13202-L2000,NISSAN,
VE0031108,25011 E,1841 EBN,13202-31M00,NISSAN,
VE0031111,25010 E,,13202-63A00,NISSAN,
VE0031120,25009 E,3455 EBN,13202-57Y00,NISSAN,
VE0031121,25007 E,,13202-N8500,NISSAN,
VE0031122,24398 E,3353 E,13202-515-G0,NISSAN,
VE0031123,24397 E,,13202-40L00/L01,NISSAN,
VE0031124,21124 E,4029 EPN,13202-50K02,NISSAN,
VE0031249,1090 E,,13202-21002/03,NISSAN,
VE0031456,21199 E,,13202-W0401/27G00,NISSAN,
VE0031458,25014 E,,13202-EN20B,NISSAN,
VE0181484,21364 E,4081 EPN,,NISSAN,
VA0181606,1379 A,,13201-00Q0H,NISSAN,
VE0181607,21379 E,,13202-0020K,NISSAN,
VA0031608,5117 A,,132013AC0A,NISSAN,
VE0031609,25017 E,,132023HC0A,NISSAN,
VA3191204,1044 A,,E410501004,NSU,
VE3191205,1044 E,,E400502015,NSU,
VA0020136,1109 A,,412354,OLDSMOBILE,
VA0570024,2030 A,249 AC,31431315,PERKINS (MAXION),
VA0570024+04,2030 A+04,,31431315/A,PERKINS (MAXION),
VA0570024+08,2030 A+08,,31431315/B,PERKINS (MAXION),
VA0570032,6353 A,,70910001/0004,PERKINS (MAXION),
VA0570033,2015 A,250 A,0910030-0910069,PERKINS (MAXION),
VA0570035,2014 A,247 A,31431261/0910001,PERKINS (MAXION),
VA0570035+04,2014 A+04,247 A+0.4,,PERKINS (MAXION),
VA0570035+08,2014 A+08,247 A+0.8,,PERKINS (MAXION),
VA0570038,2414 A,3392 AC,70910017,PERKINS (MAXION),
VA0570111,22031 A,1498 ACP,70910011,PERKINS (MAXION),
VA0570123,2100 A,3342 AC,70910025/35,PERKINS (MAXION),
VA0570231,2310 A,3858 ACB ,70910081,PERKINS (MAXION),
VA0570250,22101 A,3344 ACB,70910053,PERKINS (MAXION),
VA0570648,2139 A,,008277,PERKINS (MAXION),
VA0570650,2023 A,249 AC,31431103/641,PERKINS (MAXION),
VA0570650+04,2023 A+04,249 AC+0.4,,PERKINS (MAXION),
VA0570650+08,2023 A+08,249 AC+0.8,,PERKINS (MAXION),
VA0570652,2039 A,596 A,008212,PERKINS (MAXION),
VA0570652+04,2039 A+04,596 A+0.4,,PERKINS (MAXION),
VA0570652+08,2039 A+08,596 A+0.8,,PERKINS (MAXION),
VA0570654,2138 A,,BDU 1399,PERKINS (MAXION),
VA0570657,22100 A,3388 ACB,70910037/34,PERKINS (MAXION),
VA0570661,2449 A,3386 AC,008290,PERKINS (MAXION),
VA0571013,2055 A,,31431641,PERKINS (MAXION),
VA0571014,2301 A,,31431281,PERKINS (MAXION),
VA0571066,2230 A,,008247,PERKINS (MAXION),
VA0571367,6176 A,,70910060,PERKINS (MAXION),
VA0571369,26176 A,,70910061,PERKINS (MAXION),
VA0571375,6182 A,,70910020,PERKINS (MAXION),
VE0570023,22029 E,,31431851,PERKINS (MAXION),
VE0570031,6353 E,,70910002,PERKINS (MAXION),
VE0570034,22015 E,251 E,0910041-0910073,PERKINS (MAXION),
VE0570036,2014 E,248 E,0910002,PERKINS (MAXION),
VE0570037,22414 E,3393 ECB,70910018,PERKINS (MAXION),
VE0570112,22031 E,1498 ECP,70910012,PERKINS (MAXION),
VE0570122,22100 E, 3389 ECB,70910038/36/27,PERKINS (MAXION),
VE0570230,22101 E,23345 ECBS,70910054,PERKINS (MAXION),
VE0570232,22310 E,3859 EBN,70910080,PERKINS (MAXION),
VE0570649,22304 E,,3142A051,PERKINS (MAXION),
VE0570651,22023 E,1249 ECP,31431104,PERKINS (MAXION),
VE0570651+04,22023 E+04,1249 ECP+0.4,,PERKINS (MAXION),
VE0570651+08,22023 E+08,1249 ECP+0.8,,PERKINS (MAXION),
VE0570653,22039 E,1596 EP,008211,PERKINS (MAXION),
VE0570653+04,22039 E+04,1596 EP+0.4,,PERKINS (MAXION),
VE0570653+08,22039 E+08,1596 EP+0.8,,PERKINS (MAXION),
VE0570655,22014 E,1248 E,31431471/271,PERKINS (MAXION),
VE0570655+04,22014 E+04,1248 E+0.4,,PERKINS (MAXION),
VE0570655+08,22014 E+08,1248 E+0.8,,PERKINS (MAXION),
VE0570656,22030 E,1499 ECP,31431752,PERKINS (MAXION),
VE0570656+04,22030 E+04,,31431752/A,PERKINS (MAXION),
VE0570656+08,22030 E+08,,31431752/B,PERKINS (MAXION),
VE0570660,22138 E,,BDU 1400,PERKINS (MAXION),
VE0570662,22449 E,3387 ECP,008291,PERKINS (MAXION),
VE0571071,22139 E,,008278,PERKINS (MAXION),
VE0571072,22230 E,,008248,PERKINS (MAXION),
VE0571327,22303 E,,31431591,PERKINS (MAXION),
VE0571368,26176 E,,70910059,PERKINS (MAXION),
VE0571376,26182 E,,70910019,PERKINS (MAXION),
VA0010211,22083 A,3510 ACB,7301820,PEUGEOT,
VA0440547,1032 A,236 A,467397,PEUGEOT,
VA0440549,1070 AGNC,292 AC,7910029578,PEUGEOT,
VA0440551,1205 AGNC, 3301 AC,9153501780,PEUGEOT,
VA0440553,1208 AGNC,,,PEUGEOT,
VA0440555,1209 AGNC,3242 A,,PEUGEOT,
VA0440557,1210 AGNC,3542 A,094866/9605936180,PEUGEOT,
VA0440559,1103 AGNC,,9153695480,PEUGEOT,
VA0440561,1225 AGNC,3540 A,9628943380/094892,PEUGEOT,
VA0440564,1053 A,242 A,7812099000,PEUGEOT,
VA0440565,1057 A,246 AC,7581718000,PEUGEOT,
VA0440565+04,1057 A+04,246 AC+0.4,,PEUGEOT,
VA0440565+08,1057 A+08,246 AC+0.8,,PEUGEOT,
VA0440566,1075 A,381 AC,7932582418,PEUGEOT,
VA0440566+04,1075 A+04,381 AC+0.4,,PEUGEOT,
VA0440566+08,1075 A+08,381 AC+0.8,,PEUGEOT,
VA0440567,1151 A,3241 AC,9350111580/480,PEUGEOT,
VA0440567+04,1151 A+04,3241 AC+0.4,,PEUGEOT,
VA0440567+08,1151 A+08,3241 AC+0.8,,PEUGEOT,
VA0440568,1206 A,3304 A ,96005391,PEUGEOT,
VA0440569,1208 A,3576 A ,094861/9626052980,PEUGEOT,
VA0440570,1209 A,3242 A,094858,PEUGEOT,
VA0440571,1215 A,,96172597,PEUGEOT,
VA0440572,1224 A,4034 AN,97531079,PEUGEOT,
VA0440573,1226 A,,094868,PEUGEOT,
VA0440574,1227 A,3842 A,96150145,PEUGEOT,
VA0440575,1228 A,4010 A ,96101886/96183535,PEUGEOT,
VA0440576,1230 A,3564 A,97327262,PEUGEOT,
VA0440577,1236 A,,93501279,PEUGEOT,
VA0440578,1423 A,3616 A,0948A9-0948A0,PEUGEOT,
VA0440579,1424 A,3884 A,0948.99,PEUGEOT,
VA0440591,21216 A,3304 AC,094863,PEUGEOT,
VA0441034,1048 A,,0812000,PEUGEOT,
VA0441035,1049 A,240 A,082107700,PEUGEOT,
VA0441037,1152 A,,7932566892,PEUGEOT,
VA0441039,1421 A,,0948.95,PEUGEOT,
VA0441040,5776 A,,9153501680,PEUGEOT,
VA0441065,1422 A,,0948.54,PEUGEOT,
VA0441078,1420 A,3844 AC,0948.C2,PEUGEOT,
VA0441091,1239 A,3798 A,0948.91,PEUGEOT,
VA0441429,1419 A,4008 AC,0948-C7,PEUGEOT,
VE0010212,22183 E,4041 ECB,99432837EC54-0652,PEUGEOT,
VE0440279,21216 E,3303 EC,094974,PEUGEOT,
VE0440283,21230 E,3565 ECB,96304239,PEUGEOT,
VE0440289,21070 EGNC,1292 EGX,7910029579,PEUGEOT,
VE0440297,21225 EGNC,3541 ECB,962981180/0949A6,PEUGEOT,
VE0440298,21205 EGNC, 23301 ECB,,PEUGEOT,
VE0440301,21208 E,3577 ECB,094962/9629861180,PEUGEOT,
VE0440548,21032 E,1237 E,467398,PEUGEOT,
VE0440554,21208 EGNC,3577 ECB,,PEUGEOT,
VE0440556,21209 EGNC,23242 EBS,,PEUGEOT,
VE0440558,21210 EGNC,3543 ECB,,PEUGEOT,
VE0440560,21103 EGNC,,9152084880,PEUGEOT,
VE0440580,21049 E,1241 E,081207800,PEUGEOT,
VE0440581,21051 E,23241 ECP,9350111780,PEUGEOT,
VE0440581+04,21051 E+04,23241 ECP+0.4,,PEUGEOT,
VE0440581+08,21051 E+08,23241 ECP+0.8,,PEUGEOT,
VE0440582,21053 E,1243 E,7812100000,PEUGEOT,
VE0440583,21057 E,1246 EC,7581717000,PEUGEOT,
VE0440583+04,21057 E+04,1246 EC+0.4,,PEUGEOT,
VE0440583+08,21057 E+08,1246 EC+0.8,,PEUGEOT,
VE0440584,21170 E,1245 EC,,PEUGEOT,
VE0440585,21205 E, 23301 ECB,9153501980,PEUGEOT,
VE0440586,21206 E, 3303 EC,96272853,PEUGEOT,
VE0440588,21209 E,23242 EP,0949.59,PEUGEOT,
VE0440589,21210 E,3543 ECB,094972/9605936280,PEUGEOT,
VE0440590,21215 E,,96172795,PEUGEOT,
VE0440593,21224 E,4035 EPN,97531046,PEUGEOT,
VE0440594,21226 E,,094968,PEUGEOT,
VE0440595,21227 E,3843 E,96150144,PEUGEOT,
VE0440596,21228 E,4011 ECB ,96101887,PEUGEOT,
VE0440598,21423 E,3617 ECBS,0949A8-0949C5,PEUGEOT,
VE0440599,21424 E,3885 ECB,0949.99,PEUGEOT,
VE0441038,21422 E,,0949.54,PEUGEOT,
VE0441041,21048 E,,0812001,PEUGEOT,
VE0441043,21152 E,,7932566891,PEUGEOT,
VE0441044,21421 E,,0949.96,PEUGEOT,
VE0441054,21420 E,3845 ECB,0949.B1,PEUGEOT,
VE0441382,25776 E,,9153501880,PEUGEOT,
VE0441430,21419 E,4009 ECB,0949-C3,PEUGEOT,
VA0441638,1429 A,,0948-F7,PEUGEOT,
VE0441639,21429 E,,0949-F5,PEUGEOT,
VA0441642,1430 A,,0948-E8,PEUGEOT,
VE0441643,21430 E,,0949-E2,PEUGEOT,
VA0441689,1431 A,4210 AX,9675424780,PEUGEOT,
VE0441690,21431 E,4211 EX,9675424980,PEUGEOT,
VA3200864,1033 A,252 A,E41-14-1,RASTROJERO,
VA3200864+08,1033 A+08,252 A+0.8,,RASTROJERO,
VA3200864+1,1033 A+1,,,RASTROJERO,
VA3200866,1061 A,108 A,1113041000,RASTROJERO,
VA3200866+08,1061 A+08,108 A+0.8,,RASTROJERO,
VE3200865,1033 E,1253 E,E41-14-2,RASTROJERO,
VE3200865+08,1033 E+08,1253 E+0.8,,RASTROJERO,
VE3200865+1,1033 E+1,,,RASTROJERO,
VE3200867,21061 E,1109 E,1113041100,RASTROJERO,
VE3200867+08,21061 E+08,1109 E0.8,,RASTROJERO,
VA0180124,1260 A,3598 A,7701471378,RENAULT,
VA0180282,21363 A,,7700859517,RENAULT,
VA0180290,2140 A,3240 A,7700663545,RENAULT,
VA0180307,21357 A,3420 AB,7700100131 / 7701471704,RENAULT,
VA0180384,1055 AGNC,363 A,7700682064,RENAULT,
VA0180386,1072 AGNC,294 AC,7702056057,RENAULT,
VA0180387,1079 AGNC,421 A,7702056989,RENAULT,
VA0180389,1355 AGNC,3308 AC,7702220678,RENAULT,
VA0180391,1356 AGNC,3218 A,7700713788,RENAULT,
VA0180393,1360 AGNC,3526 A,7700853390,RENAULT,
VA0180395,1361 AGNC,3714 A,,RENAULT,
VA0180397,21084 AGNC,366 AB,7702086415,RENAULT,
VA0180398,1027 A,206 A,736150-2069913,RENAULT,
VA0180400,1035 A,256 A,5555751,RENAULT,
VA0180402,1047 A,260 A,936979,RENAULT,
VA0180404,1058 A,258 A,7700509771,RENAULT,
VA0180406,1065 A,287 AC,2214280,RENAULT,
VA0180408,1034 A,254 A,5530684,RENAULT,
VA0180410,1069 A,461 A,7700561319,RENAULT,
VA0180411,1255 A,458 A,7700622345,RENAULT,
VA0180413,1256 A,3860 A,7701473184,RENAULT,
VA0180415,1259 A,3864 A,7701471279,RENAULT,
VA0180417,1261 A,3716 AC ,7438610007,RENAULT,
VA0180419,1353 A,3626 A,7701465172,RENAULT,
VA0180421,1354 A,3620 A ,7701469266,RENAULT,
VA0180423,1359 A,3452 A,7700855926,RENAULT,
VA0180425,1362 A,3544 A,7700110387,RENAULT,
VA0180427,1379 A,3862 A ,7701472986,RENAULT,
VA0180432,21258 A,,7700853084,RENAULT,
VA0180436,21358 A,3560 AB,7700864859,RENAULT,
VA0181483,1364 A,4080 AN,7701472669,RENAULT,
VE0180125,21260 E,3599 E,7701471379/7701473354,RENAULT,
VE0180287,21079 EGNC,1421EGX,7702057001,RENAULT,
VE0180291,22140 E,23240 ECP,7700663546,RENAULT,
VE0180294,21362 E,3545 EB,7700110389,RENAULT,
VE0180302,21055 EGNC,1363 EGX,7702080678,RENAULT,
VE0180303,21261 E,3717 ECB ,7438610008,RENAULT,
VE0180304,21072 EGNC,1461 EGX,7702057759,RENAULT,
VE0180305,21355 EGNC,23309 ECBS,,RENAULT,
VE0180306,21356 EGNC,23218 EBS,7700713790,RENAULT,
VE0180308,21357 E,23421 EBS,7700100133 / 7701471705,RENAULT,
VE0180309,21358 E,3561 EBS,7700712327/716016,RENAULT,
VE0180310,21360 EGNC,3527 E,7700865934,RENAULT,
VE0180396,21361 EGNC,3715 EB,7700865449,RENAULT,
VE0180399,21027 E,1207 E,711045-2069914,RENAULT,
VE0180401,21035 E,1257 E,5555263,RENAULT,
VE0180403,21047 E,1261 ECP,936981-206940,RENAULT,
VE0180405,21058 E,1258 E,7700505115,RENAULT,
VE0180407,21065 E,1287 ECP,2069916-2214811,RENAULT,
VE0180409,1034 E,1255 E,5552842,RENAULT,
VE0180412,21255 E,1458 E,7700638247,RENAULT,
VE0180414,21256 E,3861 EB,7701473183,RENAULT,
VE0180416,21259 E,3865 EB,7701471280,RENAULT,
VE0180420,21353 E,3627 EB,7700747324,RENAULT,
VE0180422,21354 E,3621 EB ,7701469269,RENAULT,
VE0180424,21359 E,3453 EB,7700855927,RENAULT,
VE0180428,21363 E,,7701468170,RENAULT,
VE0180430,21155 E,,,RENAULT,
VE0180431,21179 E,21421 EB,,RENAULT,
VE0180438,21379 E,3863 EB ,7701473004,RENAULT,
VE0180441,21458 E,,7701466717,RENAULT,
VE0180991,21380 E,,7701458190/7701461802,RENAULT,
VE0180994,21072 E,1294 E,7702056965,RENAULT,
VE0181484,21364 E,4081 EPN,7701472670,RENAULT,
VA0031604,5014 A,,13201-4589R/EN20B,RENAULT,
VE0031605,25014 E,,13202-0970R/EN20E,RENAULT,
VA0181703,1460 A,,6001552205,RENAULT,
VE0181704,21460 E,,6001552204,RENAULT,
VA2180851,1140 A,,LGH10029,ROVER,
VA2180853,1141 A,,WAM 4002,ROVER,
VE2180852,21140 E,,LGH100820,ROVER,
VE2180854,21141 E,,WAM 4003,ROVER,
VA0760013,26403 A,,352211,SCANIA,
VA0760057,22045 A,1374 ACSS20º,294674,SCANIA,
VA0760103,22066 A,,1515743,SCANIA,
VA0760215,22168 A,3802 ACB,1319081,SCANIA,
VA0760225,22266 A,,1785077 - 1785076,SCANIA,
VA0760797,2025 A,263 A,3438131354,SCANIA,
VA0760800,6403 A,1374 ACSS,242656-272804,SCANIA,
VA0761144,26404 A,,352212,SCANIA,
VA0761145,6404 A,,237959-272803,SCANIA,
VA0761393,22666 A,,1854800-1854798,SCANIA,
VA0761395,22667 A,4242 AX,1887056-1886946,SCANIA,
VE0760012,22058 E,23395 ECSS,1100997-1397521,SCANIA,
VE0760058,22045 E,1374 ECSS  ,232018,SCANIA,
VE0760102,22066 E,3663 ECBS,1328537,SCANIA,
VE0760216,22168 E,3803 ECS,1360833,SCANIA,
VE0760796,22258 E,,1116987,SCANIA,
VE0760798,22025 E,1263 E,3438131355,SCANIA,
VE0760799,26401 E,,243477,SCANIA,
VE0761394,22666 E,4243 EX,1854803-1854801,SCANIA,
VA0760225,22266 A,,1785077 - 1785076,SCANIA,
VE0760102,22066 E,3663 ECBS,1328537,SCANIA,
VA0700758,1222 A,3972 A,030 109 601 G,SEAT,
VA0700759,1223 A,,032 109 601 G,SEAT,
VA0701130,1173 A,,39402830,SEAT,
VA0701131,1174 A,,39403030,SEAT,
VE0700760,21223 E,,032 109 611 G,SEAT,
VE0701137,21174 E,,39403040,SEAT,
VE0701141,21222 E,3973 EX,030 109 611 D,SEAT,
VA0771146,2053 A,,SL-1229-7020,SIMCA,
VA0771147,2054 A,,SG-1229-7001,SIMCA,
VE0771148,22054 E,,SG-1229-8000,SIMCA,
VA0581073,2022 A,,,SKODA,
VE0581074,2022 E,,,SKODA,
VA2250856,5351 A,454 AC,41555-5400,SUBARU,
VE2250855,25351 E,1454 ECP,41556-5400,SUBARU,
VA0080324,1117 A,3107 AN ,12911-82000,SUZUKI,
VA0080327,5251 A,460 A,12911-73001,SUZUKI,
VE0080325,1117 E,23107 EPN ,12915-82050,SUZUKI,
VE0080326,25251 E,1460 ES,12915-73001,SUZUKI,
VA0630207,1324 A,,13711-22030/22050,TOYOTA,
VA0630213,1322 A,4016 AN,13711-0L020,TOYOTA,
VA0630259,1121 A,3892 AN ,13711-58021,TOYOTA,
VA0630726,1081 A,447 A,13711-25011,TOYOTA,
VA0630728,1083 A,442 A,13711-34010/11,TOYOTA,
VA0630730,1093 A,443 AC,13711-37/38010,TOYOTA,
VA0630731,1095 A,804 AN,13711-31050,TOYOTA,
VA0630732,1096 A,1448 AP,13711-40020,TOYOTA,
VA0630734,1118 A,809 A,13711-64010,TOYOTA,
VA0630739,21122 A,3778 AN,13711-17010,TOYOTA,
VA0631453,1323 A,,13711-0L010/30040,TOYOTA,
VA0631463,1722 A,,13711-54030,TOYOTA,
VA0631479,21325 A,,13711-27010,TOYOTA,
VE0630208,21324 E,,13715-22030/22050,TOYOTA,
VE0630214,21322 E,4017 EN,13715-0L020,TOYOTA,
VE0630241,21122 E,3779 EBN,13715-17010,TOYOTA,
VE0630260,21321 E,3893 EPN ,13715-58041,TOYOTA,
VE0630727,21081 E,1447 EP,13715-25011,TOYOTA,
VE0630729,21083 E,1442 E,13715-34010,TOYOTA,
VE0630733,21096 E,1448 EP,13715-40021,TOYOTA,
VE0630735,1118 E,1809 E,13715-64010,TOYOTA,
VE0630737,21121 E,,13715-58041,TOYOTA,
VE0631381,21095 E,1804 EPN,13715-31070,TOYOTA,
VE0631454,21323 E,,13715-0L010/30040,TOYOTA,
VE0631464,21722 E,,13715-54050,TOYOTA,
VE0631480,21325 E,,13715-27010,TOYOTA,
VA0631640,1326 A,,13711-47020,TOYOTA,
VE0631641,21326 E,,13715-47020,TOYOTA,
VA0631361,1082 A,,13711-24011,TOYOTA,
VE0630738,21082 E,1449 EP,13715-24012/13,TOYOTA,
VA0310273,3191 A,,836646356,VALMET / VALTRA,
VE0310274,23191 E,,836646357,VALMET / VALTRA,
VA3281218,1550 A,,7189680-7195558,VAUXHALL,
"VA3281218 0,076",1550 A1,,7189681-7195559,VAUXHALL,
"VA3281218 0,127",1550 A2,,,VAUXHALL,
"VA3281218 0,254",1550 A3,,,VAUXHALL,
VE3281219,21550 E,,7189675-7199002,VAUXHALL,
"VE3281219 0,076",21550 E1,,,VAUXHALL,
"VE3281219 0,127",21550 E2,,7204099-7189676,VAUXHALL,
"VE3281219 0,254",21550 E3,,,VAUXHALL,
VA0130101,6154 A,3422AC,9.6100.460.0034,VOLKSWAGEN,
VA0210151,2078 A,3466 AC,3920867-3802355,VOLKSWAGEN,
VA0210153,2077 A,3334 AC,3924492-3802463,VOLKSWAGEN,
VA0590044,1187 A,814 AC,029 109 601 1,VOLKSWAGEN,
VA0590066,1204 AGNC,3312 A,035 109 601 G,VOLKSWAGEN,
VA0590067,1134 AGNC,3602 A,026 109 601-D,VOLKSWAGEN,
VA0700009,1217 A,3508 A,036 109 601 R,VOLKSWAGEN,
VA0700017,1104 AGNC,815 AC,035 109 601 C,VOLKSWAGEN,
VA0700020,6204 A,,040 109 601 2,VOLKSWAGEN,
VA0700028,1207 A,3512 A,030 109 601 AG,VOLKSWAGEN,
VA0700050,6201 A,,040 109 601 1,VOLKSWAGEN,
VA0700061,1102 AGNC,422 AC,056 109 601 A,VOLKSWAGEN,
VA0700074,1713 A,3870 A,036109601 AE,VOLKSWAGEN,
VA0700082,6208 A, 303 AC,068 109 601 C,VOLKSWAGEN,
VA0700088,1708 A,3484 A,048 109 601 E,VOLKSWAGEN,
VA0700089,1718 A,3486 A,078 109 601 B,VOLKSWAGEN,
VA0700242,1707 A,3488 AS,058 109 601 C,VOLKSWAGEN,
VA0700252,1188 A,3886 A,032 109 601 P/M,VOLKSWAGEN,
VA0700678,1705 AGNC,3313 A,048 109 601 A,VOLKSWAGEN,
VA0700754,1100 A,452 A,113 109 601 B/A,VOLKSWAGEN,
VA0700756,1101 A,453 A,311 109 601,VOLKSWAGEN,
VA0700757,1219 A,3310 A,026 109 601-C,VOLKSWAGEN,
VA0700758,1222 A,3972 A,030 109 601 G,VOLKSWAGEN,
VA0700759,1223 A,,032 109 601 G,VOLKSWAGEN,
VA0700762,1709 A,3786 A,028 109 601 D,VOLKSWAGEN,
VA0700764,1710 A,3196 A,028 109 601 B,VOLKSWAGEN,
VA0700766,1711 A, 3192 AC,069 109 601 F,VOLKSWAGEN,
VA0700767,1811 A,,068 109 601 L,VOLKSWAGEN,
VA0700775,21708 AGNC,,,VOLKSWAGEN,
VA0700776,21711 A,,069 109 601 H,VOLKSWAGEN,
VA0700780,21927 A,3482 AB,028 109 601 H,VOLKSWAGEN,
VA0700784,26218 A,,068 109 601 D,VOLKSWAGEN,
VA0700786,26228 A,,069 109 601 D,VOLKSWAGEN,
VA0700788,6207 A,300 A,068 109 601,VOLKSWAGEN,
VA0700863,1712 A,3868 A,030109601 AP,VOLKSWAGEN,
VA0700959,1221 A,,025 109 601,VOLKSWAGEN,
VA0701132,1196 A,,038 109 601 B,VOLKSWAGEN,
VA0701133,1218 A,,030 109 601 F,VOLKSWAGEN,
VA0701135,21218 A,,030 109 601 C,VOLKSWAGEN,
VA0701445,1714 A,,028 109 601 J,VOLKSWAGEN,
VA0701451,1715 A,,03G 109 601B,VOLKSWAGEN,
VA0701459,1716 A,,06D 109 601 K,VOLKSWAGEN,
VA0701558,1292 A,,03L 109 601,VOLKSWAGEN,
VE0130100,26154 E,23423ECBS,9.6100.460.0024,VOLKSWAGEN,
VE0210150,22078 E,3467 ECB,3920868-3802356,VOLKSWAGEN,
VE0210152,22177 E,3335 ECP,3921444-3802085,VOLKSWAGEN,
VE0590065,21605 EGNC,23238 EB,026 109 611 A,VOLKSWAGEN,
VE0590703,21104 E,1815 EB,035 109 611 F,VOLKSWAGEN,
VE0590708,21187 E,1814 ECP,029 109 611 1,VOLKSWAGEN,
VE0700008,21217 E,3509 EB,036 109 611 J,VOLKSWAGEN,
VE0700016,21104 EGNC,1815 EGX,,VOLKSWAGEN,
VE0700021,21201 E,1305 ECP,043 109 611,VOLKSWAGEN,
VE0700022,21101 E,1453 E,311 109 612,VOLKSWAGEN,
VE0700027,21207 E,3513 EB,030 109 611 N,VOLKSWAGEN,
VE0700049,26201 E,,040 109 612 2,VOLKSWAGEN,
VE0700062,21102 E,1422 EB,056 109 611 A,VOLKSWAGEN,
VE0700073,21713 E,3871 EB,036109611 T,VOLKSWAGEN,
VE0700081,26208 E, 1303 ECB,068 109 611 C,VOLKSWAGEN,
VE0700087,21708 EGNC,3485 EBS,,VOLKSWAGEN,
VE0700190,21708 E,3485 EBS,048 109 611 B,VOLKSWAGEN,
VE0700243,21707 E,3489 ECBS,058 109 611 E,VOLKSWAGEN,
VE0700268,21188 E,3887 EB ,032 109 611 M/L,VOLKSWAGEN,
VE0700286,21711 E,3191 EB,074 109 611,VOLKSWAGEN,
VE0700288,21710 E, 3197 EB,028 109 611 E,VOLKSWAGEN,
VE0700295,21709 E,3787 EBS,028 109 611 G,VOLKSWAGEN,
VE0700508,21712 E,3869 EB,030109611 AE,VOLKSWAGEN,
VE0700755,21100 E,1452 E,113 109 612,VOLKSWAGEN,
VE0700760,21223 E,,032 109 611 G,VOLKSWAGEN,
VE0700768,21102 EGNC,1422 EGX,,VOLKSWAGEN,
VE0700770,21219 E,,053 109 611,VOLKSWAGEN,
VE0700771,21296 E,,038 109 611 F,VOLKSWAGEN,
VE0700772,21301 E,,043 109 612,VOLKSWAGEN,
VE0700778,21717 E,,058 109 611 M,VOLKSWAGEN,
VE0700779,21811 E,,068 109 611 L,VOLKSWAGEN,
VE0700781,21927 E,3483 EB,046 109 611 F,VOLKSWAGEN,
VE0700782,26207 E,,068 109 611,VOLKSWAGEN,
VE0700785,26218 E,,068 109 611 D,VOLKSWAGEN,
VE0700927,26203 E,,031 109 612 1,VOLKSWAGEN,
VE0700932,21221 E,,025 109 612 A,VOLKSWAGEN,
VE0701139,21218 E,,030 109 611 A,VOLKSWAGEN,
VE0701141,21222 E,3973 EX,030 109 611 D,VOLKSWAGEN,
VE0701142,21705 E,,037 109 611 A,VOLKSWAGEN,
VE0701446,21714 E,,028 109 611 K,VOLKSWAGEN,
VE0701452,21715 E,,03G 109 611D,VOLKSWAGEN,
VE0701460,21716 E,,06D 109 611L,VOLKSWAGEN,
VE0701559,21292 E,,03L 109 611,VOLKSWAGEN,
VA0701558,1292 A,4104 A,03L 109 601,VOLKSWAGEN,
VE0701559,21292 E,4105 EB,03L 109 611,VOLKSWAGEN,
VA0700252,1188 A,3886 A,032 109 601 P/M,VOLKSWAGEN,
VE0700253,26188 E,,032 109 611 L,VOLKSWAGEN,
VA0701624,1299 A,,036 109 601-S,VOLKSWAGEN,
VE0701625,21299 E,,036 109 611-K,VOLKSWAGEN,
VA0701672,1297 A,,06E 109 601 Q,VOLKSWAGEN,
VE0701460,21716 E,,06D 109 611 L,VOLKSWAGEN,
VA0701685,1247 A,,06D 109 601-M,VOLKSWAGEN,
VE0701686,21247 E,,06D 109 611-H,VOLKSWAGEN,
VA0381699,6183 A,,2U2109601-A    ,VOLKSWAGEN,
VE0381700,26183 E,,2U2109611-B   ,VOLKSWAGEN,
VA0710063,2116 A,860 AC,469240-4675002-8194223,VOLVO,
VA0710121,2117 A,582 AC,468302,VOLVO,
VA0710203,25712 A,3914 ACB,1547492-3169490,VOLVO,
VA0710789,2016 A,,413015,VOLVO,
VA0710790,2051 A,,34131-422016,VOLVO,
VA0711383,2217 A,3888 AC,3978768,VOLVO,
VA0711387,5715 A,,466379-5,VOLVO,
VA0711389,5714 A,,420553-0,VOLVO,
VA0711398,22511 A,4218 AX,20740798,VOLVO,
VA0711447,5713 A,862 AC,477447,VOLVO,
VA0711449,22110 A,,20528113-20450002,VOLVO,
VE0710064,22116 E,1861 ECP,467855-8194224,VOLVO,
VE0710120,22117 E,1582 ECP,468303,VOLVO,
VE0710201,25712 E,,8148574-20441945,VOLVO,
VE0710791,22016 E,,413017,VOLVO,
VE0711143,22051 E,,34132-422017,VOLVO,
VE0711384,22217 E,3889 ECB,3978766,VOLVO,
VE0711388,25715 E,,421680-0/466381,VOLVO,
VE0711390,25714 E,,466549-4,VOLVO,
VE0711399,22511 E,4219 EX,20768523-20768519,VOLVO,
VE0711448,25713 E,,477443,VOLVO,
VE0711450,22220 E,,20516141-8148069,VOLVO,
VA0711691,5312 A,,20459326,VOLVO,
VE0711695,22111 E,,21016539,VOLVO,
VA0711626,22114 A,,20540017,VOLVO,
VE0711627,22914 E,,21430918,VOLVO,
VA0520199,562 A,,5HH-E2111-00,YAMAHA,
VE0520200,20562 E,,5HH-E2121-00,YAMAHA,
VA0521670,20573 A,,44C-12111-01,YAMAHA,
VE0521671,20573 E,,44C-12121-00,YAMAHA,
VA0521672,563 A,,1S4-E21111-00,YAMAHA,
VE0521673,20563 E,,1S4-12121-00,YAMAHA,
VA3290871,22043 A,,20360024-A,ZANELLO,
VA3290873,22044 A,,20360024-A,ZANELLO,
VA3291220,22091 A,,109007,ZANELLO,
VE3290872,22043 E,,20360023-A,ZANELLO,
VE3290874,22044 E,,20360023-A,ZANELLO,
VE3291221,22091 E,,109008,ZANELLO,
VA0850802,3024 A,,,ZETOR,
VA0850804,3090 A,,,ZETOR,
VE0850801,23090 E,,,ZETOR,
VE0850803,3024 E,,,ZETOR,
