3B,MAHLE,EDIVAL,ORIGINAL,FABRICANTE
3326 A,VA0060903,6253 A,7006.00600500.3,AGRALE
3327 E,VE0060323,6253 E,7006.00600600.1,AGRALE
3316 AC,VA0250500,21167 A,60808694,ALFA ROMEO
3317 EC,VE0250501,21167 E,60808695,ALFA ROMEO
3736 AC,VA0250168,1144 A,60811153,ALFA ROMEO
3737 ECBS,VE0250169,21144 E,60811154,ALFA ROMEO
3191 EB,VE0700286,21711 E,074 109 611,AUDI
3310 A,VA0700757,1219 A,026 109 601-C,AUDI
3482 AB,VA0700780,21927 A,028 109 601 H,AUDI
3483 EB,VE0700781,21927 E,046 109 611 F,AUDI
3488 AS,VA0700242,1707 A,058 109 601 C,AUDI
3489 ECBS,VE0700243,21707 E,058 109 611 E,AUDI
101 A,VA0730792,2001 A ,7125556,BEDFORD
101 A+0.8,VA0730792+08,2001 A+08,,BEDFORD
103 A,VA0730794,2017 A,5751532-6384866,BEDFORD
103 A+0.8,VA0730794+08,2017 A+08,,BEDFORD
1102 E,VE0730793,22001 E,7147912,BEDFORD
1102 E+0.8,VE0730793+08,22001 E+08,,BEDFORD
1104 EP,VE0730795,22017 E,5754448-6366427,BEDFORD
1104 EP+0.8,VE0730795+08,22017 E+08,,BEDFORD
1457 EC,VE1400817,21950 E,1280643,BMW
23179 ECBS,VE1401179,21949 E,11341727352,BMW
3178 A,VA1401176,1949 A,11341727358,BMW
3448 A,VA1401177,1952 A,1720827,BMW
3449 ECBS,VE1401180,21952 E,1720828,BMW
4026 AN,VA1401226,1948 A,11341739820/822,BMW
4027 EPN,VE1400820,21948 E,11341739821/823,BMW
457 A,VA1400816,1950 A,1265453-1267721,BMW
108 A,VA3200866,1061 A,1113041000,BORGWARD
108 A+0.8,VA3200866+08,1061 A+08,,BORGWARD
1109 E,VE3200867,21061 E,1113041100,BORGWARD
1109 E0.8,VE3200867+08,21061 E+08,,BORGWARD
1253 E,VE3200865,1033 E,E41-14-2,BORGWARD
1253 E+0.8,VE3200865+08,1033 E+08,,BORGWARD
1567 ACP,VA0040322,21054 A,20360026A,BORGWARD
1567 ECBM,VE0040322,21054 E,20370025A,BORGWARD
252 A,VA3200864,1033 A,E41-14-1,BORGWARD
252 A+0.8,VA3200864+08,1033 A+08,,BORGWARD
1561 EB,VE0110234,22009 E,9L-7683,CATERPILLAR
1569 AP,VA0110917,22010 A,1P-0407,CATERPILLAR
1573 ABS,VA0110919,23040 A,2W-2621/7S-8809,CATERPILLAR
1573 EBS,VE0111237,23140 E,2W-2877,CATERPILLAR
23210 EBS,VE0110146,23053 E,6N-9916,CATERPILLAR
3210 AS,VA0110921,23053 A,2W-2620,CATERPILLAR
3614 AC,VA0110232,23077 A,7W-8064,CATERPILLAR
3615 EC,VE0110233,23077 E,136-0819,CATERPILLAR
561 A,VA0110235,2009 A,9L-7682,CATERPILLAR
573 A,VA0110143,3040 A,5S-6452,CATERPILLAR
573 E,VE0110142,3040 E,5S-6449,CATERPILLAR
1275 E,VE0100333,21038 EGNC,,CHRYSLER
1275 E+10,"VE0100333 0,254",21038 EGNC3,,CHRYSLER
1275 E+15,"VE0100333 0,381",21038 EGNC4,,CHRYSLER
1275 E+20 ,"VE0100333 0,508",21038 EGNC5,,CHRYSLER
1275 E+3,"VE0100333 0,076",21038 EGNC1,,CHRYSLER
1275 E+30,"VE0100333 0,762",21038 EGNC6,,CHRYSLER
1275 E+5,"VE0100333 0,127 ",21038 EGNC2,,CHRYSLER
1280 E,VE0100340,21039 E,3830705-2465339,CHRYSLER
1280 E+10,"VE0100340 0,254",21039 E3,,CHRYSLER
1280 E+15,"VE0100340 0,381",21039 E4,2465341,CHRYSLER
1280 E+20,"VE0100340 0,508",21039 E5,,CHRYSLER
1280 E+3,"VE0100340 0,076",21039 E1,,CHRYSLER
1280 E+30,"VE0100340 0,762",21039 E6,2465342,CHRYSLER
1280 E+5,"VE0100340 0,127",21039 E2,2465340,CHRYSLER
1297 EGX,VE0100334,21063 EGNC,,CHRYSLER
1297 EGX+10,"VE0100334 0,254",21063 EGNC3,,CHRYSLER
1297 EGX+15,"VE0100334 0,381",21063 EGNC4,,CHRYSLER
1297 EGX+3,"VE0100334 0,076",21063 EGNC1,,CHRYSLER
1297 EGX+30,"VE0100334 0,762",21063 EGNC6,,CHRYSLER
1297 EGX+5,"VE0100334 0,127",21063 EGNC2,,CHRYSLER
159 A,VA0101341,1015 A,1109912,CHRYSLER
274 A,VA0100330,1038 AGNC,,CHRYSLER
274 A+10,"VA0100330 0,254",1038 AGNC3,,CHRYSLER
274 A+15,"VA0100330 0,381",1038 AGNC4,,CHRYSLER
274 A+20 ,"VA0100330 0,508",1038 AGNC5,,CHRYSLER
274 A+3,"VA0100330 0,076",1038 AGNC1,,CHRYSLER
274 A+30,"VA0100330 0,762",1038 AGNC6,2121580,CHRYSLER
274 A+5,"VA0100330 0,127",1038 AGNC2,,CHRYSLER
280 A,VA0100335,1039 A,2465335,CHRYSLER
280 A+10,"VA0100335 0,254",1039 A3,,CHRYSLER
280 A+15,"VA0100335 0,381",1039 A4,2465337,CHRYSLER
280 A+20,"VA0100335 0,508",1039 A5,,CHRYSLER
280 A+3,"VA0100335 0,076",1039 A1,,CHRYSLER
280 A+30,"VA0100335 0,762",1039 A6,2465338,CHRYSLER
280 A+5,"VA0100335 0,127",1039 A2,2465336,CHRYSLER
297 AC,VA0100332,1063 AGNC,,CHRYSLER
297 AC+10,"VA0100332 0,254",1063 AGNC3,,CHRYSLER
297 AC+15,"VA0100332 0,381",1063 AGNC4,,CHRYSLER
297 AC+20,"VA0100332 0,508",1063 AGNC5,,CHRYSLER
297 AC+3,"VA0100332 0,076",1063 AGNC1,,CHRYSLER
297 AC+30,"VA0100332 0,762",1063 AGNC6,,CHRYSLER
297 AC+5,"VA0100332 0,127",1063 AGNC2,,CHRYSLER
3333 ECP,VE0100343,21905 E,8933003860/3516-53010513AA,CHRYSLER
3470 AC,VA0100337,1698 A,4648615,CHRYSLER
3471 ECP,VE0100341,21698 E,4648613,CHRYSLER
3500 AC,VA0100338,1699 A,,CHRYSLER
3501 ECP,VE0100342,21699 E,,CHRYSLER
3524 A,VA0100339,1905 A,8933003515-53010512AA,CHRYSLER
3525 ECP,VE0100915,21915 E,,CHRYSLER
1117 E,VE0660751,21060 E,AM-124-8D,CITROËN
1117 E+3,"VE0660751 0,076",21060 E1,,CITROËN
1117 E+5,"VE0660751 0,127",21060 E2,,CITROËN
116 A,VA0660750,1060 A,AM-124-111A,CITROËN
116 A+3,"VA0660750 0,076",1060 A1,,CITROËN
116 A+5,"VA0660750 0,127",1060 A2,,CITROËN
23301 ECB,VE0440585,21205 E,9153501980,CITROËN
3301 AC,VA0440551,1205 AGNC,9153501780,CITROËN
3302 AC,VA0440568,1206 A,96005391,CITROËN
3303 EC,VE0440586,21206 E,96272853,CITROËN
3564 A,VA0440576,1230 A,97327262,CITROËN
3565 ECB,VE0440283,21230 E,96304239,CITROËN
3616 A,VA0440578,1423 A,0948A9,CITROËN
3617 ECBS,VE0440598,21423 E,0949A8,CITROËN
3842 A,VA0440574,1227 A,96150145,CITROËN
3843 E,VE0440595,21227 E,96150144,CITROËN
3844 AC,VA0441078,1420 A,0948.C2,CITROËN
3845 ECB,VE0441054,21420 E,0949.B1,CITROËN
3884 A,VA0440579,1424 A,0948.99,CITROËN
3885 ECB,VE0440599,21424 E,0949.99,CITROËN
4010 A ,VA0440575,1228 A,96101886/96183535,CITROËN
4011 ECB ,VE0440596,21228 E,96101887,CITROËN
4034 AN,VA0440572,1224 A,97531079,CITROËN
4035 EPN,VE0440593,21224 E,97531046,CITROËN
1420 EBS,VC0210148,22205 AE,145701,CUMMINS
1580 E,VC0211248,22004 AE,3275355,CUMMINS
3334 AC,VA0210153,2077 A,3924492-3802463,CUMMINS
3335 ECP,VE0210152,22177 E,3921444-3802085,CUMMINS
3466 AC,VA0210151,2078 A,3920867-3802355,CUMMINS
3467 ECB,VE0210150,22078 E,3920868-3802356,CUMMINS
3633 EBS,VE0211260,22276 E,3800891-3166410,CUMMINS
3976 AC,VA0210442,2074 A,3940735-3802924,CUMMINS
3977 ECB,VE0210443,22074 E,3940734-3802967,CUMMINS
4024 AC,VA0211371,2178 A,3942588-3800340,CUMMINS
4025 ECB,VE0211372,22178 E,3942589-3800341,CUMMINS
420 A,VA0210147,2005 A,135957,CUMMINS
3794 AN,VA0950815,5102 A,,DAEWOO
3795 EBN,VE0951222,25102 E,,DAEWOO
3799 AN,VA0950815,5102 A,,DAEWOO
3816 AN,VA0951152,5101 A,96182934,DAEWOO
3817 EPN,VE0951264,25101 E,96182933,DAEWOO
1455 ECP,VE2020845,21085 E,13715-87701,DAIHATSU
455 A,VA2020844,1085 A,13711-87701,DAIHATSU
3445 ECB,VE0611275,22080 E,23507504/6350,DETROIT DIESEL
3446 AC,VA0611265,2080 A,23501576-8929589,DETROIT DIESEL
1282 ECS,VE0500621,22028 E,2409416ED14708,DEUTZ
1282 ECS+0.8,VE0500621+08,22028 E+08,,DEUTZ
1549 ECP,VE0500624,23034 E,20460ED015208,DEUTZ
1549 ECP+0.8,VE0500624+08,23034 E+08,,DEUTZ
1555 ACB,VA0500643,3035 A,2137457ED015508,DEUTZ
1555 ACB+0.4,VA0500643+04,3035 A+04,,DEUTZ
1555 ACB+0.8,VA0500643+08,3035 A+08,,DEUTZ
1555 ECB,VE0500625,23035 E,4153696EB015508,DEUTZ
1555 ECB+0.4,VE0500625+04,23035 E+04,,DEUTZ
1555 ECB+0.8,VE0500625+08,23035 E+08,,DEUTZ
1556 ACB,VA0500626,23036 A,4153631EB015508,DEUTZ
1556 ACB (30º),VA0500631,23136 A,4153455EB015508,DEUTZ
1556 ACB (30º)+0.4,VA0500631+04,23136 A+04,,DEUTZ
1556 ACB (30º)+0.8,VA0500631+08,23136 A+08,,DEUTZ
1556 ACB+0.4,VA0500626+04,23036 A+04,,DEUTZ
1556 ACB+0.4,VA0500629+04,23037 A+04,,DEUTZ
1556 ACB+0.8,VA0500626+08,23036 A+08,,DEUTZ
1556 ECB,VE0500627,23036 E,4153697EB015508,DEUTZ
1556 ECB+0.4,VE0500627+04,23036 E+04,,DEUTZ
1556 ECB+0.8,VE0500627+08,23036 E+08,,DEUTZ
1557 ACB,VA0500644,3135 A,4159138EB015508,DEUTZ
1557 ACB 30°,VA0500634,23336 A,4159140EB015508,DEUTZ
1557 ACBS+0.4 30°,VA0500634+04,23336 A+04,,DEUTZ
1557 ACBS+0.8 30°,VA0500634+08,23336 A+08,,DEUTZ
1557 ECBS,VE0500632,23136 E,4159139EB015508,DEUTZ
1557 ECBS+0.4,VE0500632+04,23136 E+04,,DEUTZ
1557 ECBS+0.8,VE0500632+08,23136 E+08,,DEUTZ
282 A,VA0500620,2028 A,2402585-ED-014708,DEUTZ
282 A+0.8,VA0500620+08,2028 A+08,,DEUTZ
4014 AC,VA0501391,3004 A,04283380EA013108,DEUTZ
4015 ECB,VE0501392,23004 E,04283381EA013108,DEUTZ
504 A,VA0500636,3009 A,E0154084233,DEUTZ
505 E,VE0500637,3009 E,E0154084234,DEUTZ
506 A,VA0500638,3010 A,E0152084621,DEUTZ
507 E,VE0500639,3010 E,E0152081325,DEUTZ
508 A,VA0500640,3011 A,E01440820004,DEUTZ
508 A+0.8,VA0500640+08,3011 A+08,,DEUTZ
509 E,VE0500641,3011 E,E01440820003,DEUTZ
509 E+0.8,VE0500641+08,3011 E+08,,DEUTZ
549 A,VA0500642,3034 A,20458ED015208,DEUTZ
549 A+0.8,VA0500642+08,3034 A+08,,DEUTZ
1168 E,VE0250468,21017 E,4064702,FIAT
1169 E,VE0250474,21056 E,4121898,FIAT
1173 E,VE0250472,21042 E,4094908,FIAT
1174 E,VE0250476,21067 E,4127675,FIAT
1175 EC,VE0250493,21066 E,4250440,FIAT
1175 ECSS,VE0250053,21266 EGNC,5973128,FIAT
1177 EC,VE0250478,21076 E,4377979,FIAT
1281 EC,VE0250494,21068 E,4359309,FIAT
1281 EG,VE0250464,21068 EGNC,,FIAT
1380 EC,VE0250001,26001 E,59852970,FIAT
1382 EC,VE0250480,21166 E,5975341,FIAT
1383 EC,VE0250059,21089 EGNC,,FIAT
1383 EC,VE0250496,21089 E,5973129,FIAT
167 A,VA0250467,1017 A,4064701-4132958,FIAT
169 A,VA0250473,1056 A,4121897,FIAT
170 A,VA0250469,1018 A,4015440,FIAT
171 E,VE0250470,1018 E,4015441,FIAT
172 A,VA0250471,1042 A,4080364,FIAT
174 A,VA0250475,1067 A,4127674,FIAT
176 AC,VA0250477,1076 A,4265695,FIAT
1826 AC,VA0250159,1166 A,7547400,FIAT
1826 ECB,VE0250158,21165 E,7597080,FIAT
1828 AC,VA0250506,21706 A,4424173,FIAT
1828 EC,VE0250507,21706 E,4424174,FIAT
23234 EC,VE0250995,21262 E,46559032,FIAT
281 AC,VA0250463,1068 AGNC,4255779,FIAT
3234 AC,VA0250018,1162 A,46470637-46559031,FIAT
3316 AC,VA0250500,21167 A,60808694,FIAT
3317 EC,VE0250501,21167 E,60808695,FIAT
3320 AC,VA0250052,21153 AGNC,7722907,FIAT
3321 ECB,VE0250051,21153 EGNC,,FIAT
3321 ECB,VE0250497,21153 E,7574742,FIAT
3384 ACS,VA0250498,21164 A,7547158,FIAT
3385 ECS,VE0250499,21164 E,7588577,FIAT
3514 AC,VA0250165,1163 AGNC,46517325,FIAT
3515 EC,VE0250164,21163 EGNC,46761370-46461209,FIAT
3558 AC,VA0250166,6003 AGNC,46553048,FIAT
3559 ECB,VE0250163,26003 E,46553049,FIAT
3584 ACBS,VA0250503,21267 A,7798620,FIAT
3585 ECBS,VE0250504,21267 E,7783225,FIAT
3600 AC,VA0250160,1264 A,7735898,FIAT
3601 ECBS,VE0250161,21264 E,7735899,FIAT
3737 ECBS,VE0250169,21144 E,60811154,FIAT
380 AC,VA0250002,6001 A,4340118,FIAT
3800 AC,VA0250162,6002 AGNC,46553046,FIAT
3801 EC,VE0250166,26002 E,46553047,FIAT
3956 AC,VA0250271,6004 A,55205734,FIAT
3957 ECB,VE0251435,26104 E,55203211,FIAT
3997 ECB,VE0250272,26004 E,55195498,FIAT
3998 AC,VA0251433,6103 A,55185028,FIAT
3999 ECB,VE0251434,26103 E,55185080,FIAT
513 A,VA0250519,3012 A,561286,FIAT
514 E,VE0250520,3012 E,576457,FIAT
515 A,VE0250523,3014 E,555325,FIAT
516 E,VE0250521,3013 E,539715,FIAT
517 A,VA0250522,3014 A,555324,FIAT
517 A+0.8,VA0250522+08,3014 A+08,,FIAT
518 E+0.8,VE0250523+08,3014 E+08,,FIAT
519 A ,VA0250538,3032 A,8823545-8823548,FIAT
519 A +0.8,VA0250538+08,3032 A+08,,FIAT
520 E ,VE0250535,3029 E,8823544,FIAT
520 E +0.8,VE0250535+08,3029 E+08,,FIAT
521 A,VA0250524,3015 A,580605,FIAT
521 A+0.8,VA0250524+08,3015 A+08,,FIAT
522 E,VE0250525,3015 E,580606,FIAT
522 E+0.8,VE0250525+08,3015 E+08,,FIAT
523 A,VA0250533,3026 A,8806875,FIAT
524 E,VE0250534,3026 E,8806876,FIAT
538 A,VA0250529,3022 A,109443,FIAT
539 E,VE0250530,3022 E,109442,FIAT
540 A,VA0250527,3021 A,8504782,FIAT
541 E,VE0250528,3021 E,8504783,FIAT
544 A,VA0250531,3025 A,8300314,FIAT
545 E,VE0250532,3025 E,8300387,FIAT
547 A,VA0250536,3031 A,8824754,FIAT
547 A+0.8,VA0250536+08,3031 A+08,,FIAT
548 E,VE0250537,3031 E,8825776,FIAT
548 E+0.8,VE0250537+08,3031 E+08,,FIAT
855 AC,VA0250465,1666 AGNC,7609772,FIAT
856 AC,VA0250054,1667 AGNC,7617500,FIAT
3146 AC,VA0140086,1311 AGNC,7083246,FIAT
3147 ECB,VE0140370,21311 EGNC,7083242,FIAT
4156 AC,VA0251632,6006 A,55240709,FIAT
4256 AC,VA0251633,6106 A,55219002,FIAT
4257 EC,VE0251476,26006 E,55218807,FIAT
1190 E,VE0590681,21022 E,CODE-6505-J/A,FORD
1190 E+10,"VE0590681 0,254",21022 E3,,FORD
1190 E+15,"VE0590681 0,381",21022 E4,CODE-6505-L/C,FORD
1190 E+20,"VE0590681 0,508",21022 E5,,FORD
1190 E+3,"VE0590681 0,076",21022 E1,CODE-6505-K/B,FORD
1190 E+30,"VE0590681 0,762",21022 E6,,FORD
1190 E+5,"VE0590681 0,127",21022 E2,,FORD
1192 E,VE0590690,21045 E,BAC4DZ-6505-A,FORD
1192 E+10,"VE0590690 0,254",21045 E3,,FORD
1192 E+15,"VE0590690 0,381",21045 E4,BAC4DZ-6505-C,FORD
1192 E+20,"VE0590690 0,508",21045 E5,,FORD
1192 E+3,"VE0590690 0,076",21045 E1,,FORD
1192 E+30,"VE0590690 0,762",21045 E6,,FORD
1192 E+5,"VE0590690 0,127",21045 E2,,FORD
1192 EG,VE0590665,21064 EGNC,,FORD
1192 EG+10,"VE0590665 0,254",21064 EGNC3,,FORD
1192 EG+15,"VE0590665 0,381",21064 EGNC4,,FORD
1192 EG+20,"VE0590665 0,508",21064 EGNC5,,FORD
1192 EG+3,"VE0590665 0,076",21064 EGNC1,,FORD
1192 EG+30,"VE0590665 0,762",21064 EGNC6,,FORD
1192 EG+5,"VE0590665 0,127",21064 EGNC2,,FORD
1195 E,VE0590683,22006 EGNC,,FORD
1195 E+10,"VE0590683 0,254",22006 EGNC3,,FORD
1195 E+15,"VE0590683 0,381",22006 EGNC4,,FORD
1195 E+20,"VE0590683 0,508",22006 EGNC5,,FORD
1195 E+3,"VE0590683 0,076",22006 EGNC1,,FORD
1195 E+30,"VE0590683 0,762",22006 EGNC6,,FORD
1195 E+5,"VE0590683 0,127",22006 EGNC2,,FORD
1291 EGX,VE0590682,21078 EGNC,,FORD
1291 EGX+10,"VE0590682 0,254",21078 EGNC3,,FORD
1291 EGX+15,"VE0590682 0,381",21078 EGNC4,,FORD
1291 EGX+20,"VE0590682 0,508",21078 EGNC5,,FORD
1291 EGX+3,"VE0590682 0,076",21078 EGNC1,,FORD
1291 EGX+30,"VE0590682 0,762",21078 EGNC6,,FORD
1291 EGX+5,"VE0590682 0,127",21078 EGNC2,,FORD
1310 EG,VE0590694,21098 EGNC,,FORD
1310 EG+10,"VE0590694 0,254",21098 EGNC3,,FORD
1310 EG+15,"VE0590694 0,381",21098 EGNC4,,FORD
1310 EG+3,"VE0590694 0,076",21098 EGNC1,,FORD
1310 EG+5,"VE0590694 0,127",21098 EGNC2,,FORD
1329 E,VE0590720,26064 E,D6NN-6505-A,FORD
1329 E+15,"VE0590720 0,381",26064 E4,D6NN-6505-C,FORD
1329 E+3,"VE0590720 0,076",26064 E1,D6NN-6505-B,FORD
1329 E+30,"VE0590720 0,762",26064 E6,,FORD
1367 EGX,VE0590669,21087 EGNC,,FORD
1367 EGX+10,"VE0590669 0,254",21087 EGNC3,,FORD
1367 EGX+15,"VE0590669 0,381",21087 EGNC4,,FORD
1367 EGX+3,"VE0590669 0,076",21087 EGNC1,,FORD
1367 EGX+5,"VE0590669 0,127",21087 EGNC2,,FORD
1498 ACP,VA0570111,22031 A,70910011,FORD
1498 ECP,VE0570112,22031 E,70910012,FORD
1565 ECP,VE0130010,6151 E,9.3080.460.0024,FORD
1814 ECP,VE0590708,21187 E,84AU-6505-B,FORD
1815 EB,VE0590703,21104 E,035 109 611 F,FORD
1815 EGX,VE0700016,21104 EGNC,,FORD
183 AE,VC0590684,1019 AE,A/B-6505,FORD
189 A,VA0590685,1022 A,CIDE-6507-A,FORD
189 A+10,"VA0590685 0,254",1022 A3,,FORD
189 A+15,"VA0590685 0,381",1022 A4,CIDE-6507-C,FORD
189 A+20,"VA0590685 0,508",1022 A5,,FORD
189 A+3,"VA0590685 0,076",1022 A1,CIDE-6507-B,FORD
189 A+30,"VA0590685 0,762",1022 A6,CIDE-6507-D,FORD
189 A+5,"VA0590685 0,127",1022 A2,,FORD
191 A,VA0590689,1045 A,BAC4DZ-6507-A,FORD
191 A+10,"VA0590689 0,254",1045 A3,,FORD
191 A+15,"VA0590689 0,381",1045 A4,BAC4DZ-6507-C,FORD
191 A+20,"VA0590689 0,508",1045 A5,,FORD
191 A+3,"VA0590689 0,076",1045 A1,BAC4DZ-6507-B,FORD
191 A+30,"VA0590689 0,762",1045 A6,,FORD
191 A+5,"VA0590689 0,127",1045 A2,,FORD
193 AC,VA0590664,1064 AGNC,,FORD
193 AC+10,"VA0590664 0,254",1064 AGNC3,,FORD
193 AC+15,"VA0590664 0,381",1064 AGNC4,,FORD
193 AC+20,"VA0590664 0,508",1064 AGNC5,,FORD
193 AC+3,"VA0590664 0,076",1064 AGNC1,,FORD
193 AC+30,"VA0590664 0,762",1064 AGNC6,,FORD
193 AC+5,"VA0590664 0,127",1064 AGNC2,,FORD
194 A,VA0590679,2007 AGNC,,FORD
194 A+10,"VA0590679 0,254",2007 AGNC3,,FORD
194 A+15,"VA0590679 0,381",2007 AGNC4,,FORD
194 A+20,"VA0590679 0,508",2007 AGNC5,,FORD
194 A+3,"VA0590679 0,076",2007 AGNC1,,FORD
194 A+30,"VA0590679 0,762",2007 AGNC6,,FORD
194 A+5,"VA0590679 0,127",2007 AGNC2,,FORD
197 A,VA0591085,2006 AGNC,,FORD
197 A+10,"VA0591085 0,076",2006 AGNC1,,FORD
197 A+15,"VA0591085 0,127",2006 AGNC2,,FORD
197 A+20,"VA0591085 0,254",2006 AGNC3,,FORD
197 A+3,"VA0591085 0,381",2006 AGNC4,,FORD
197 A+30,"VA0591085 0,508",2006 AGNC5,,FORD
197 A+5,"VA0591085 0,762",2006 AGNC6,,FORD
198 A,VA0591089,6059 A,B7A-6507-AA,FORD
198 A+15,"VA0591089 0,381",6059 A4,B7A-6507-AC,FORD
198 A+3,"VA0591089 0,076",6059 A1,B7A-6507-AB,FORD
198 A+30,"VA0591089 0,762",6059 A6,B7A-6507-AD,FORD
198 A+5,"VA0591089 0,127",6059 A2,,FORD
23006 ECP ,VE0591277,21107 E,C9OE-6505-J,FORD
23238 EB,VE0590065,21605 EGNC,026 109 611 A,FORD
23345 ECBS,VE0570230,22101 E,70910054,FORD
250 A,VA0570033,2015 A,0910030-0910069,FORD
251 E,VE0570034,22015 E,0910041-0910073,FORD
291 AC,VA0590666,1074 AGNC,,FORD
291 AC+10,"VA0590666 0,254",1074 AGNC3,,FORD
291 AC+15,"VA0590666 0,381",1074 AGNC4,,FORD
291 AC+20,"VA0590666 0,508",1074 AGNC5,,FORD
291 AC+3,"VA0590666 0,076",1074 AGNC1,,FORD
291 AC+30,"VA0590666 0,762",1074 AGNC6,,FORD
291 AC+5,"VA0590666 0,127",1074 AGNC2,,FORD
3036 A,VA0590043,6069 AGNC,84AU-6507-A,FORD
3037 EP,VE0590042,26069 E,84AU-6505-A,FORD
3038 A,VA0590724,6251 A,79NU-6507-A,FORD
3040 AC,VA0590715,21564 A,89FF-6507-AA/FA,FORD
3040 AC+10,"VA0590715 0,254",21564 A3,,FORD
3040 AC+3,"VA0590715 0,076",21564 A1,,FORD
3040 AC+5,"VA0590715 0,127",21564 A2,,FORD
3041 ECB,VE0590716,21564 E,89FF-6505-AA/FA,FORD
3041 ECB+10,"VE0590716 0,254",21564 E3,,FORD
3041 ECB+3,"VE0590716 0,076",21564 E1,,FORD
3041 ECB+5,"VE0590716 0,127",21564 E2,,FORD
3042 AC ,VA0591081,1568 A,F77Z-6507-AA/90TM-6507-AB,FORD
3043 ECP ,VE0590276,21568 E,F77Z-6505-AA/90TM-6505-AB,FORD
3052 AC,VA0590181,1232 A,89BM-6507AA,FORD
3053 ECB,VE0590173,21132 EGNC,97BM-6505-AA,FORD
3054 AC,VA0590172,1132 A,89BM-6507BA,FORD
3054 AC,VA0590670,1132 AGNC,,FORD
3058 A,VA0590696,1131 A,894F-6507-A1B,FORD
3059 E,VE0591343,21131 E,894F-6505-A1B,FORD
3062 AC,VA0590170,1136 A,XS6E-6507-AA,FORD
3063 ECB,VE0590171,21136 E,XS6E-6505-AB,FORD
3064 AC,VA0590179,1137 AGNC,97MM-6507-B2B,FORD
3065 EN,VE0590706,21137 EGNC,,FORD
3066 AC,VA0590180,1233 AGNC,928M-6507-F2A,FORD
3067 ECB,VE0590182,21233 E,948M-6505-D2A,FORD
3068 AC,VA0590672,1133 AGNC,928M-6507-D1A,FORD
3069 ECB,VE0590673,21133 EGNC,,FORD
3070 AC,VA0591461,1274 A,F57Z-6507-A,FORD
3071 ECP,VE0591462,21274 E,F57Z-6505-A,FORD
3082 AC,VA0590674,1138 AGNC,,FORD
3083 ECB,VE0590675,21138 EGNC,,FORD
3090 AC,VA0590676,1237 AGNC,97MM-6507-B2A,FORD
3092 AC,VA0590174,1566 A,YS4E-6507-AB,FORD
3093 ECBS,VA0590292,21566 AGNC,,FORD
3093 ECBS,VE0590175,21566 EGNC,,FORD
3094 AC ,VA0590255,1567 A,1S7Z-6507-AA,FORD
3095 EC ,VE0590256,21567 E,1S7Z-6505-AA,FORD
310 AC,VA0591338,1098 AGNC,,FORD
310 AC+10,"VA0591338 0,254",1098 AGNC3,,FORD
310 AC+15,"VA0591338 0,381",1098 AGNC4,,FORD
310 AC+3,"VA0591338 0,076",1098 AGNC1,,FORD
310 AC+5,"VA0591338 0,127",1098 AGNC2,,FORD
328 A,VA0590723,6064 A,D6NN-6507-A,FORD
328 A+15,"VA0590723 0,381",6064 A4,D6NN-6507-C,FORD
328 A+3,"VA0590723 0,076",6064 A1,D6NN-6507-B,FORD
328 A+30,"VA0590723 0,762",6064 A6,,FORD
3312 A,VA0590066,1204 AGNC,035 109 601 G,FORD
3313 A,VA0700678,1705 AGNC,048 109 601 A,FORD
3334 AC,VA0210153,2077 A,3924492-3802463,FORD
3335 ECP,VE0210152,22177 E,3921444-3802085,FORD
3344 ACB,VA0570250,22101 A,70910053,FORD
3466 AC,VA0210151,2078 A,3920867-3802355,FORD
3467 ECB,VE0210150,22078 E,3920868-3802356,FORD
3602 A,VA0590067,1134 A,026 109 601-D,FORD
367 AC,VA0590668,1087 AGNC,,FORD
367 AC+10,"VA0590668 0,254",1087 AGNC3,,FORD
367 AC+15,"VA0590668 0,381",1087 AGNC4,,FORD
367 AC+3,"VA0590668 0,076",1087 AGNC1,,FORD
367 AC+5,"VA0590668 0,127",1087 AGNC2,,FORD
3814 AC,VA0590699,1333 A,X57E-6507-N2A,FORD
3815 ECB,VE0590714,21333 E,X57E-6505-N2A,FORD
3844 AC,VA0441078,1420 A,0948.C2,FORD
3845 ECB,VE0441054,21420 E,0949.B1,FORD
3858 ACB ,VA0570231,2310 A,70910081,FORD
3859 EBN,VE0570232,22310 E,70910080,FORD
565 AC,VA0130011,6151 A,9.2260.460.0054,FORD
814 AC,VA0590044,1187 A,84AU-6507-B,FORD
1138 E,VE0140105,21011 EGNC,3724778-3989084,GENERAL MOTORS
1138 EG+10,"VE0140357 0,254",21011 EGNC3,,GENERAL MOTORS
1138 EG+15,VE0140109,21011 EGNC4,7323108-3995603,GENERAL MOTORS
1138 EG+20,"VE0140357 0,508",21011 EGNC5,,GENERAL MOTORS
1138 EG+3,VE0140107,21011 EGNC1,2798539-7323107,GENERAL MOTORS
1138 EG+30,"VE0140357 0,762",21011 EGNC6,,GENERAL MOTORS
1138 EG+5,"VE0140357 0,127",21011 EGNC2,,GENERAL MOTORS
1332 ECP,VE0140083,26101 E,94621105/1043,GENERAL MOTORS
1332 ECP+10,"VE0140083 0,254",26101 E3,94621609,GENERAL MOTORS
1332 ECP+12,"VE0140083 0,304",26101 E8,,GENERAL MOTORS
1332 ECP+15,"VE0140083 0,381",26101 E4,,GENERAL MOTORS
1332 ECP+20,"VE0140083 0,508",26101 E5,,GENERAL MOTORS
1332 ECP+3,"VE0140083 0,076",26101 E1,94621045,GENERAL MOTORS
1332 ECP+30,"VE0140083 0,762",26101 E6,,GENERAL MOTORS
1332 ECP+5,"VE0140083 0,127",26101 E2,,GENERAL MOTORS
1332 ECP+6,"VE0140083 0,152",26101 E7,94621047,GENERAL MOTORS
1344 ECP,VE0140113,26127 E,90136620/6621,GENERAL MOTORS
1344 ECP+15,"VE0140113 0,381",26127 E4,,GENERAL MOTORS
1344 ECP+3,"VE0140113 0,076",26127 E1,90136622,GENERAL MOTORS
1344 ECP+30,"VE0140113 0,762",26127 E6,90136624,GENERAL MOTORS
135 A,VA0140366,2002 A,,GENERAL MOTORS
137 AG,VA0140104,1011 AGNC,2787537-3774052,GENERAL MOTORS
137 AG+10,"VA0140356 0,254",1011 AGNC3,,GENERAL MOTORS
137 AG+15,"VA0140110 0,381",1011 AGNC4,,GENERAL MOTORS
137 AG+20,"VA0140356 0,508",1011 AGNC5,,GENERAL MOTORS
137 AG+3,"VA0140108 0,076",1011 AGNC1,2787538-3786360,GENERAL MOTORS
137 AG+30,"VA0140356 0,762",1011 AGNC6,,GENERAL MOTORS
137 AG+5,"VA0140356 0,127",1011 AGNC2,,GENERAL MOTORS
23108 ECPS,VE0140378,26126 E,90106520/6797,GENERAL MOTORS
23108 ECSP+15,"VE0140378 0,381",26126 E4,90106799,GENERAL MOTORS
23108 ECSP+3,"VE0140378 0,076",26126 E1,90106798,GENERAL MOTORS
23108 ECSP+30,"VE0140378 0,762",26126 E6,90106800,GENERAL MOTORS
23109 EC,VE0140039,26800 EGNC,,GENERAL MOTORS
23109 ECP,VE0141287,26800 E,10106027,GENERAL MOTORS
23141 ECBS,VE0140071,22524 E,90410813-641325,GENERAL MOTORS
23241 ECP,VE0440581,21051 E,9350111780,GENERAL MOTORS
23241 ECP+0.4,VE0440581+04,21051 E+04,,GENERAL MOTORS
23241 ECP+0.8,VE0440581+08,21051 E+08,,GENERAL MOTORS
23345 ECBS,VE0570230,22101 E,70910054,GENERAL MOTORS
249 AC,VA0570024,2030 A,70910009,GENERAL MOTORS
3108 AC,VA0140383,6126 A,90106792/6518,GENERAL MOTORS
3108 AC+15,"VA0140383 0,381",6126 A4,90106794,GENERAL MOTORS
3108 AC+3,"VA0140383 0,076",6126 A1,90106793,GENERAL MOTORS
3108 AC+30,"VA0140383 0,762",6126 A6,90106795,GENERAL MOTORS
3109 AC,VA0140040,6800 AGNC,93203649,GENERAL MOTORS
3110 AC,VA0140041,6801 AGNC,93203650,GENERAL MOTORS
3136 A,VA0140015,1211 A,90323518-642763,GENERAL MOTORS
3137 E,VE0140014,21211 E,90323523-642890,GENERAL MOTORS
3138 AC,VA0140076,1212 AGNC,90412712,GENERAL MOTORS
3139 EC,VE0140075,21212 EGNC,,GENERAL MOTORS
3140 AC,VA0140072,2524 A,90412277-641022,GENERAL MOTORS
3146 AC,VA0140086,1311 AGNC,90215492,GENERAL MOTORS
3147 ECB,VE0140370,21311 EGNC,,GENERAL MOTORS
3148 AC,VA0140363,1312 A,642651,GENERAL MOTORS
3149 EC,VE0140371,21312 E,641353,GENERAL MOTORS
3158 AC,VA0140364,1314 A,641015-90289197,GENERAL MOTORS
3159 ECB,VE0140374,21314 E,641317-90289198,GENERAL MOTORS
3163 ECP,VE0140184,22064 E,12550909,GENERAL MOTORS
3164 AC,VA0140183,2064 A,10241743,GENERAL MOTORS
3168 A,VA0140361,1213 A,8-94326-843-0,GENERAL MOTORS
3169 E,VE0140368,21213 E,8-94110-017-3,GENERAL MOTORS
3241 AC,VA0440567,1151 A,9350111580/480,GENERAL MOTORS
3241 AC+0.4,VA0440567+04,1151 A+04,,GENERAL MOTORS
3241 AC+0.8,VA0440567+08,1151 A+08,,GENERAL MOTORS
332 AC,VA0140084,6101 A,94621104/1038,GENERAL MOTORS
332 AC+10,"VA0140084 0,254",6101 A3,,GENERAL MOTORS
332 AC+12,"VA0140084 0,304",6101 A8,94621607,GENERAL MOTORS
332 AC+15,"VA0140084 0,381",6101 A4,,GENERAL MOTORS
332 AC+20,"VA0140084 0,508",6101 A5,,GENERAL MOTORS
332 AC+3,"VA0140084 0,076",6101 A1,94621039/1040,GENERAL MOTORS
332 AC+30,"VA0140084 0,762",6101 A6,,GENERAL MOTORS
332 AC+5,"VA0140084 0,127",6101 A2,,GENERAL MOTORS
332 AC+6,"VA0140084 0,152",6101 A7,94621041,GENERAL MOTORS
3342 AC,VA0570123,2100 A,70910025/35,GENERAL MOTORS
3344 ACB,VA0570250,22101 A,70910053,GENERAL MOTORS
3388 ACB,VA0570657,22100 A,70910037/34,GENERAL MOTORS
3389 ECB,VE0570122,22100 E,70910038/36/27,GENERAL MOTORS
3392 AC,VA0570038,2414 A,70910017,GENERAL MOTORS
3393 ECB,VE0570037,22414 E,70910018,GENERAL MOTORS
344 AC,VA0140114,6127 A,90136614/6613,GENERAL MOTORS
344 AC+15,"VA0140114 0,381",6127 A4,90136616,GENERAL MOTORS
344 AC+3,"VA0140114 0,076",6127 A1,90136615,GENERAL MOTORS
344 AC+30,"VA0140114 0,762",6127 A6,90136617,GENERAL MOTORS
3546 AC,VA0130277,6156 A,9.4070.460.0034,GENERAL MOTORS
3547 ECBS,VE0130278,26156 E,9.4070.460.0024,GENERAL MOTORS
3578 AC,VA0140026,1310 A,93248325,GENERAL MOTORS
3614 AC,VA0110232,23077 A,7W-8064,GENERAL MOTORS
3615 EC,VE0110233,23077 E,136-0819,GENERAL MOTORS
3774 AC,VA0140365,1315 A,642758,GENERAL MOTORS
3775 ECBS,VE0140375,21315 E,642858,GENERAL MOTORS
3806 AC,VA0141379,1318 A,641056,GENERAL MOTORS
3807 ECB,VE0141380,21318 E,641373,GENERAL MOTORS
3808 A,VA0141377,1317 A,90536065-641048,GENERAL MOTORS
3809 EB,VE0141378,21317 E,90536164-641357,GENERAL MOTORS
3882 AN,VA0141385,1319 A,96376881,GENERAL MOTORS
3883 EN,VE0141386,21319 E,96376980,GENERAL MOTORS
3912 AC,VA0140939,1511 A,90232973-642679,GENERAL MOTORS
3913 ECB,VE0140954,21511 E,90324413-642854,GENERAL MOTORS
3954 AC,VA0140372,21313 A,,GENERAL MOTORS
3955 EC,VE0140373,21313 E,,GENERAL MOTORS
3970 AC,VA0140376,21413 A,641025-97185860,GENERAL MOTORS
3971 EC,VE0140377,21413 E,641369-97185352,GENERAL MOTORS
4004 AC,VA0141431,1502 A,93361392,GENERAL MOTORS
4005 ECB,VE0141432,21502 E,93385791,GENERAL MOTORS
4006 AC,VA0141396,1501 A,93399245,GENERAL MOTORS
4007 ECB,VE0141573,21501 E,93399247,GENERAL MOTORS
23109 EC,VE0140039,26820 E, 90323756,GENERAL MOTORS
526 A,VA3080857,3016 A,151120-41,HANOMAG
527 E,VE3080858,3016 E,151120-38,HANOMAG
529 AE,VC3080859,3017 AE,RHC-503651,HANOMAG
3432 A,VA0511291,21190 A,14711-PM3-000,HONDA
3433 EBN,VE0511292,21190 E,14721-PM3-000,HONDA
3854 AN,VA0510209,1191 A,14711-PO8000,HONDA
3855 EBN,VE0510210,21191 E,14721-PO8000/P2A000,HONDA
3836 AN,VA0511634,590,14711-KBB-900,HONDA
3837 EN,VE0511635,20590 E,14721-KBB-900,HONDA
3426 A,VA1950838,5051 A,MD-128740,HYUNDAI
3427 ESS,VE2081186,25051 E,MD-127841,HYUNDAI
3721 EBN ,VE2080848,25050 E,,HYUNDAI
3796 AN,VA2081300,5049 A,22211-02500,HYUNDAI
3797 EBN,VE0441009,25049 E,22212-02500,HYUNDAI
3968 AC,VA0381304,2073 A,1823875-C1,INTERNATIONAL
1476 ECP,VE0240457,25301 E,8-94200-743-0,ISUZU
1832 EPN,VE0240461,25306 E,8-94460-637-0,ISUZU
1834 EP ,VE0240459,25302 E,,ISUZU
1837 EP,VE0240972,25307 E,9-12552-801-0,ISUZU
1847 EPN,VE0240452,21114 E,8-94136-727-0,ISUZU
3168 A,VA0140361,1213 A,8-94326-843-0,ISUZU
3169 E,VE0140368,21213 E,8-94110-017-3,ISUZU
3822 AN,VA0240454,1125 A,8-94133-275-1,ISUZU
3823 EN,VE0240455,21125 E,8-94247-875-1,ISUZU
476 AC,VA0240456,5301 A,8-94205-977-0,ISUZU
832 AN,VA0240460,5306 A,8-94251-273-0,ISUZU
834 A,VA0240458,5302 A,8-94217-178-0,ISUZU
837 A,VA0240971,5307 A,9-12551-802-0,ISUZU
847 AN,VA0240451,1114 A,8-94153-969-0,ISUZU
1286 ECS,VE0010285,22027 E,51298-4683026,IVECO
1286 ECS+0.4,VE0010285+04,22027 E+04,,IVECO
1286 ECS+0.8,VE0010285+08,22027 E+08,,IVECO
1520 EP,VE0250516,23029 E,7130032,IVECO
1520 EP+0.8,VE0250516+08,23029 E+08,,IVECO
286 AC,VA0250483,2027 A,7130580-7110831,IVECO
286 AC+0.4,VA0250483+04,2027 A+04,,IVECO
286 AC+0.8,VA0250483+08,2027 A+08,,IVECO
3324 AC,VA0250487,2085 A,4784888ED540651,IVECO
3324 AC+0.4,VA0250487+04,2085 A+04,,IVECO
3325 ECB,VE0250488,22085 E,4784890ED540652,IVECO
3325 ECB+0.8,VE0250488+04,22085 E+04,,IVECO
3510 ACB,VA0010211,22083 A,7301820,IVECO
3511 ECB,VE0250510,22083 E,7303309/4826033,IVECO
3586 ACB,VA0250513,22087 A,98468338,IVECO
3587 ECB,VE0250514,22087 E,98418161,IVECO
4041 ECB,VE0010212,22183 E,99432837EC54-0652,IVECO
519 A ,VA0250538,3032 A,8823545-8823548,IVECO
519 A +0.8,VA0250538+08,3032 A+08,,IVECO
4094 AC,VA0011469,,500355778,IVECO
4095 ECB,VE0011470,22702 E,504293892,IVECO
1218 E,VE1210448,1029 E,637183,JEEP
217 A,VA1210447,1029 A,637182,JEEP
1550 EC,VE0430541,23033 E,R-52252,JOHN DEERE
1550 EC+0.8,VE0430541+08,23033 E+08,,JOHN DEERE
1550 EC+10,"VE0430541 0,254",23033 E3,,JOHN DEERE
1550 EC+15,"VE0430541 0,381",23033 E4,,JOHN DEERE
1550 EC+3,"VE0430541 0,076",23033 E1,R-57333,JOHN DEERE
1550 EC+5,"VE0430541 0,127",23033 E2,,JOHN DEERE
532 A,VA0430543,3020 A,F-3213-R/J,JOHN DEERE
532 A+0.8,VA0430543+08,3020 A+08,,JOHN DEERE
533 E,VE0430544,3020 E,F-3214-R/J,JOHN DEERE
533 E+0.8,VE0430544+08,3020 E+08,,JOHN DEERE
550 AC,VA0430540,3033 A,R-52251,JOHN DEERE
550 AC+0.8,VA0430540+08,3033 A+08,,JOHN DEERE
550 AC+10,"VA0430540 0,254",3033 A3,,JOHN DEERE
550 AC+15,"VA0430540 0,381",3033 A4,,JOHN DEERE
550 AC+3,"VA0430540 0,076",3033 A1,R-57332,JOHN DEERE
550 AC+5,"VA0430540 0,127",3033 A2,,JOHN DEERE
3296 A,VA0870812,5305 A,0636-12-111,KIA MOTORS
3298 AN,VA2110229,1145 A,K710-12-111,KIA MOTORS
3299 EN,VE2110249,21145 E,K710-12-121,KIA MOTORS
3548 APN,VA2110185,21147 A,ON01-12-111,KIA MOTORS
3548 EBN,VE2110186,21147 E,ON01-12-121,KIA MOTORS
3827 EBN,VE2110188,21146 E,OK63C-12-121,KIA MOTORS
3828 AN,VA2110187,1146 A,OK75D-12-111,KIA MOTORS
1384 E,VE0640742,21552 E,2101-1007012,LADA
3380 A,VA0640743,1553 A,21081-1007010,LADA
3381 EP,VE0640744,1553 E,2108-1007012,LADA
3382 A,VA0640745,1554 A,2108-1007010,LADA
384 A,VA0640741,1552 A,2101-1007010,LADA
4000 ACB,VA0461155,22520 A,51041010375,MAN
4001 ECB,VE0461325,22520 E,51041010447,MAN
1467 EN,VE0870809,25303 E,0324-12-121A/B,MAZDA
1468 E,VE0870811,25304 E,0305-12-121,MAZDA
1829 EPN (30º),VE0870807,21149 E,F804-12-121,MAZDA
1845 EPN,VE0871150,21148 E,E358-12-121,MAZDA
3296 A,VA0870812,5305 A,0636-12-111,MAZDA
3297 EBN,VE0870813,25305 E,0527-12-121,MAZDA
3298 AN,VA2110229,1145 A,K710-12-111,MAZDA
3299 EN,VE2110249,21145 E,K710-12-121,MAZDA
3548 APN,VA2110185,21147 A,ON01-12-111,MAZDA
3548 EBN,VE2110186,21147 E,ON01-12-121,MAZDA
467 AN,VA0870808,5303 A,0324-12-111A,MAZDA
468 A,VA0870810,5304 A,0290-12-111C,MAZDA
829 AN (30º) ,VA0870806,1149 A,F801-12-111A,MAZDA
845 AN,VA0870805,1148 A,ESD3-12-111,MAZDA
1225 ECP,VE0480605,22012 E,3210530705,MERCEDES-BENZ
1225 ECP+0.8,VE0480605+08,22012 E+08,,MERCEDES-BENZ
1226 ECB,VE0480607,22026 E,3520531505,MERCEDES-BENZ
1226 ECB+0.4,VE0480607+04,22026 E+04,,MERCEDES-BENZ
1226 ECB+0.8,VE0480607+08,22026 E+08,,MERCEDES-BENZ
1229 EC,VE0480047,22042 E,3460530005,MERCEDES-BENZ
1229 EC+0.4,VE0480047+04,22042 E+04,,MERCEDES-BENZ
1229 EC+0.8,VE0480047+08,22042 E+08,,MERCEDES-BENZ
1824 ECB ,VE0480300,22476 E,6160500527/0027,MERCEDES-BENZ
1839 ACB,VA0480056,22477 A,4220500226/4420500526,MERCEDES-BENZ
1839 ECB,VE0480055,22477 E,4220500127/4420500227,MERCEDES-BENZ
1843 ECP,VE0480079,22142 E,3450500127/7005,MERCEDES-BENZ
1843 ECP+0.4,VE0480079+04,22142 E+04,,MERCEDES-BENZ
1843 ECP+0.8,VE0480079+08,22142 E+08,,MERCEDES-BENZ
20226 ACB (30º),VA0480612,22132 A,,MERCEDES-BENZ
20226 ACB (30º)+0.4,VA0480612+04,22132 A+04,,MERCEDES-BENZ
20226 ACB (30º)+0.8,VA0480612+08,22132 A+08,,MERCEDES-BENZ
20226 ACB 45°,VA0480610,22032 A,3520500026,MERCEDES-BENZ
20226 ACB+0.4 45°,VA0480610+04,22032 A+04,,MERCEDES-BENZ
20226 ACB+0.8 45°,VA0480610+08,22032 A+08,,MERCEDES-BENZ
2026 AC(30º),VA0480096,3046 A,3660500226,MERCEDES-BENZ
2026 AC(30º)+0.4,VA0480096+04,3046 A+04,,MERCEDES-BENZ
2026 AC(30º)+0.8,VA0480096+08,3046 A+08,,MERCEDES-BENZ
21226 ECB,VE0480611,22032 E,,MERCEDES-BENZ
21226 ECB+0.4,VE0480611+04,22032 E+04,,MERCEDES-BENZ
21226 ECB+0.8,VE0480611+08,22032 E+08,,MERCEDES-BENZ
221A,VA0480602,1030 A,636 053 0101,MERCEDES-BENZ
222 E,VE0480603,1030 E,636 053 0105,MERCEDES-BENZ
224 AC,VA0480604,2012 A,3210530801/901,MERCEDES-BENZ
224 AC+0.8,VA0480604+08,2012 A+08,,MERCEDES-BENZ
226 AC,VA0480606,2026 A,3520530101,MERCEDES-BENZ
226 AC+0.4,VA0480606+04,2026 A+04,,MERCEDES-BENZ
226 AC+0.8,VA0480606+08,2026 A+08,,MERCEDES-BENZ
229 AC,VA0480048,2042 A,3460530001,MERCEDES-BENZ
229 AC+0.4,VA0480048+04,2042 A+04,,MERCEDES-BENZ
229 AC+0.8,VA0480048+08,2042 A+08,,MERCEDES-BENZ
23260 ECB,VE0480097,23046 E,3660500027,MERCEDES-BENZ
23260 ECB,VE0480616,23147 E,3660500627,MERCEDES-BENZ
23260 ECB ,VE0480005,23047 E,3660500227,MERCEDES-BENZ
23260 ECB+0.4,VE0480005+04,23047 E+04,,MERCEDES-BENZ
23260 ECB+0.4,VE0480097+04,23046 E+04,,MERCEDES-BENZ
23260 ECB+0.8,VE0480005+08,23047 E+08,,MERCEDES-BENZ
23260 ECB+0.8,VE0480097+08,23046 E+08,,MERCEDES-BENZ
23345 ECBS,VE0570230,22101 E,70910054,MERCEDES-BENZ
3260 ACB,VA0480006,23047 A,3660500326,MERCEDES-BENZ
3260 ACB 20º,VA0480007,23147 A,3660501226,MERCEDES-BENZ
3260 ACB+0.4,VA0480006+04,23047 A+04,,MERCEDES-BENZ
3260 ACB+0.8,VA0480006+08,23047 A+08,,MERCEDES-BENZ
3262 AC,VA0480091,2143 A,3550530001,MERCEDES-BENZ
3263 ECB,VE0480090,22143 E,3550530005,MERCEDES-BENZ
3344 ACB,VA0570250,22101 A,70910053,MERCEDES-BENZ
3658 AN ,VA0480233,2467 A,6110530101,MERCEDES-BENZ
3659 EN ,VE0480251,22467 E,6110530105,MERCEDES-BENZ
3693 E,VC0481444,60291,A4420160291,MERCEDES-BENZ
3846 AC,VA0480244,22478 A,9060500326,MERCEDES-BENZ
3847 ECB,VE0480245,22478 E,9060500327,MERCEDES-BENZ
3856 AC,VA0480193,23148 A,5410500226,MERCEDES-BENZ
3857 ECB,VE0480194,23148 E,5410500227,MERCEDES-BENZ
3874 EC,VC0481344,60791,9060160791,MERCEDES-BENZ
3875 EC,VC0481345,60691,5410160791,MERCEDES-BENZ
4096 AC,VA0481436,3648 A,,MERCEDES-BENZ
4097 ECB,VE0481437,23648 E,4570500327,MERCEDES-BENZ
4109 ECB,VE0481487,22688 E,9060500827,MERCEDES-BENZ
824 AC,VA0480617,2476 A,6160530301/0201,MERCEDES-BENZ
843 AC,VA0480080,2142 A,3450537001,MERCEDES-BENZ
843 AC+0.4,VA0480080+04,2142 A+04,,MERCEDES-BENZ
843 AC+0.8,VA0480080+08,2142 A+08,,MERCEDES-BENZ
1462 E,VE1950822,21086 E,MD-016461,MITSUBISHI
1831 ECP,VE1950836,25201 E,MD-000481,MITSUBISHI
3278 AN,VA1950831,1628 A,MD-029006,MITSUBISHI
3279 EPN,VE1950832,21628 E,MD-029007,MITSUBISHI
3426 A,VA1950838,5051 A,MD-128740,MITSUBISHI
3427 ESS,VE2081186,25051 E,MD-127841,MITSUBISHI
3462 AN ,VA1950827,1129 A,MD-162422,MITSUBISHI
3463 EBN ,VE1950828,21129 E,MD-162616,MITSUBISHI
3464 AN,VA1950261,1627 A,MD-159502,MITSUBISHI
3465 EBM,VE1950262,21627 E,MD-197106,MITSUBISHI
3522 AN,VA1950823,1127 A,MD-070691,MITSUBISHI
3523 EBN,VE1950824,21127 E,MD-070693,MITSUBISHI
3580 AN ,VA1950247,6081 A,ME-202687,MITSUBISHI
3581 EBN ,VE1950246,26081 E,ME-202688,MITSUBISHI
3594 A,VA1950829,1624 A,MD-083661,MITSUBISHI
3595 EP,VE1950830,21624 E,MD-083662,MITSUBISHI
4032 AN,VA1950825,1128 A,MD-085253,MITSUBISHI
4033 EPN,VE1950826,21128 E,MD-085254,MITSUBISHI
462 A,VA1950821,1086 A,MD-016460,MITSUBISHI
831 A,VA1950835,5201 A,MD-000480,MITSUBISHI
1565 ECP,VE0130010,6151 E,9.3080.460.0024,MWM
23423ECBS,VE0130100,26154 E,9.6100.460.0024,MWM
3390 AC,VA0130099,6153 A,6.2280.460.3014,MWM
3391 ECB,VE0130098,26153 E,9.2290.460.0034,MWM
3422AC,VA0130101,6154 A,9.6100.460.0034,MWM
3546 AC,VA0130277,6156 A,9.4070.460.0034,MWM
3547 ECBS,VE0130278,26156 E,9.4070.460.0024,MWM
565 AC,VA0130011,6151 A,9.2260.460.0054,MWM
1437 EPN ,VE0030315,21115 E,13202-78201,NISSAN
1438 E,VE0030312,1092 E,13202-N0400/1,NISSAN
1841 EBN,VE0031108,25011 E,13202-31M00,NISSAN
23227 ECP,VE0030381 ,25004 E,13212/213-H2310,NISSAN
23282 EBN,VE0030318,25013 E,13202-V6510,NISSAN
3227 AC,VA0030138,5004 A,13201/202-H2310,NISSAN
3282 AN,VA0031340,5013 A,13201-V5202,NISSAN
3350 A,VA0030321,5012 A,13201-L2000,NISSAN
3351 E,VE0030901,25012 E,13202-L2000,NISSAN
3352 A,VA0030320,4398 A,13201-515-G0,NISSAN
3353 E,VE0031122,24398 E,13202-515-G0,NISSAN
3454 AN,VA0031126,25009 A,13201-57Y00,NISSAN
3455 EBN,VE0031120,25009 E,13202-57Y00,NISSAN
3528 AN,VA0030204,5008 A,13201-40F00,NISSAN
3529 EBN,VE0030686,25008 E,13202-40F01,NISSAN
3772 APN,VA0030314,1123 A,13201-G2403,NISSAN
3773 EPN,VE0030316,21123 E,13202-G2403,NISSAN
4028 AN,VA0030331,1124 A,13201-50K00,NISSAN
4029 EPN,VE0031124,21124 E,13202-50K02,NISSAN
437 AN ,VA0030313,1115 A,13201-P0500,NISSAN
438 AC,VA0030311 ,1090 A,13201-H1000,NISSAN
841 AN,VA0030380,5011 A,13201-31M00,NISSAN
1248 E,VE0570655,22014 E,31431471/271,PERKINS (MAXION)
1248 E+0.4,VE0570655+04,22014 E+04,,PERKINS (MAXION)
1248 E+0.8,VE0570655+08,22014 E+08,,PERKINS (MAXION)
1249 ECP,VE0570651,22023 E,31431104,PERKINS (MAXION)
1249 ECP+0.4,VE0570651+04,22023 E+04,,PERKINS (MAXION)
1249 ECP+0.8,VE0570651+08,22023 E+08,,PERKINS (MAXION)
1498 ACP,VA0570111,22031 A,70910011,PERKINS (MAXION)
1498 ECP,VE0570112,22031 E,70910012,PERKINS (MAXION)
1499 ECP,VE0570656,22030 E,31431752,PERKINS (MAXION)
1596 EP,VE0570653,22039 E,008211,PERKINS (MAXION)
1596 EP+0.4,VE0570653+04,22039 E+04,,PERKINS (MAXION)
1596 EP+0.8,VE0570653+08,22039 E+08,,PERKINS (MAXION)
23345 ECBS,VE0570230,22101 E,70910054,PERKINS (MAXION)
247 A,VA0570035,2014 A,31431261/0910001,PERKINS (MAXION)
247 A+0.4,VA0570035+04,2014 A+04,,PERKINS (MAXION)
247 A+0.8,VA0570035+08,2014 A+08,,PERKINS (MAXION)
248 E,VE0570036,2014 E,0910002,PERKINS (MAXION)
249 AC,VA0570024,2030 A,31431315,PERKINS (MAXION)
249 AC,VA0570650,2023 A,31431103/641,PERKINS (MAXION)
249 AC+0.4,VA0570650+04,2023 A+04,,PERKINS (MAXION)
249 AC+0.8,VA0570650+08,2023 A+08,,PERKINS (MAXION)
250 A,VA0570033,2015 A,0910030-0910069,PERKINS (MAXION)
251 E,VE0570034,22015 E,0910041-0910073,PERKINS (MAXION)
3342 AC,VA0570123,2100 A,70910025/35,PERKINS (MAXION)
3344 ACB,VA0570250,22101 A,70910053,PERKINS (MAXION)
3386 AC,VA0570661,2449 A,008290,PERKINS (MAXION)
3387 ECP,VE0570662,22449 E,008291,PERKINS (MAXION)
3388 ACB,VA0570657,22100 A,70910037/34,PERKINS (MAXION)
3389 ECB,VE0570122,22100 E,70910038/36/27,PERKINS (MAXION)
3392 AC,VA0570038,2414 A,70910017,PERKINS (MAXION)
3393 ECB,VE0570037,22414 E,70910018,PERKINS (MAXION)
3858 ACB ,VA0570231,2310 A,70910081,PERKINS (MAXION)
3859 EBN,VE0570232,22310 E,70910080,PERKINS (MAXION)
596 A,VA0570652,2039 A,008212,PERKINS (MAXION)
596 A+0.4,VA0570652+04,2039 A+04,,PERKINS (MAXION)
596 A+0.8,VA0570652+08,2039 A+08,,PERKINS (MAXION)
1237 E,VE0440548,21032 E,467398,PEUGEOT
1241 E,VE0440580,21049 E,081207800,PEUGEOT
1243 E,VE0440582,21053 E,7812100000,PEUGEOT
1245 EC,VE0440584,21170 E,,PEUGEOT
1246 EC,VE0440583,21057 E,7581717000,PEUGEOT
1246 EC+0.4,VE0440583+04,21057 E+04,,PEUGEOT
1246 EC+0.8,VE0440583+08,21057 E+08,,PEUGEOT
1292 EGX,VE0440289,21070 EGNC,7910029579,PEUGEOT
23241 ECP,VE0440581,21051 E,9350111780,PEUGEOT
23241 ECP+0.4,VE0440581+04,21051 E+04,,PEUGEOT
23241 ECP+0.8,VE0440581+08,21051 E+08,,PEUGEOT
23242 EBS,VE0440556,21209 EGNC,,PEUGEOT
23242 EP,VE0440588,21209 E,0949.59,PEUGEOT
23301 ECB,VE0440298,21205 EGNC,,PEUGEOT
23301 ECB,VE0440585,21205 E,9153501980,PEUGEOT
236 A,VA0440547,1032 A,467397,PEUGEOT
240 A,VA0441035,1049 A,082107700,PEUGEOT
242 A,VA0440564,1053 A,7812099000,PEUGEOT
246 AC,VA0440565,1057 A,7581718000,PEUGEOT
246 AC+0.4,VA0440565+04,1057 A+04,,PEUGEOT
246 AC+0.8,VA0440565+08,1057 A+08,,PEUGEOT
292 AC,VA0440549,1070 AGNC,7910029578,PEUGEOT
3241 AC,VA0440567,1151 A,9350111580/480,PEUGEOT
3241 AC+0.4,VA0440567+04,1151 A+04,,PEUGEOT
3241 AC+0.8,VA0440567+08,1151 A+08,,PEUGEOT
3242 A,VA0440555,1209 AGNC,,PEUGEOT
3242 A,VA0440570,1209 A,094858,PEUGEOT
3301 AC,VA0440551,1205 AGNC,9153501780,PEUGEOT
3302 AC,VA0440568,1206 A,96005391,PEUGEOT
3303 EC,VE0440279,21216 E,094974,PEUGEOT
3303 EC,VE0440586,21206 E,96272853,PEUGEOT
3304 AC,VA0440591,21216 A,094863,PEUGEOT
3304 AC,VA0440568,1206 A,96005391,PEUGEOT
3510 ACB,VA0010211,22083 A,7301820,PEUGEOT
3540 A,VA0440561,1225 AGNC,9628943380/094892,PEUGEOT
3541 ECB,VE0440297,21225 EGNC,962981180/0949A6,PEUGEOT
3542 A,VA0440557,1210 AGNC,094866/9605936180,PEUGEOT
3543 ECB,VE0440558,21210 EGNC,,PEUGEOT
3543 ECB,VE0440589,21210 E,094972/9605936280,PEUGEOT
3564 A,VA0440576,1230 A,97327262,PEUGEOT
3565 ECB,VE0440283,21230 E,96304239,PEUGEOT
3576 A ,VA0440569,1208 A,094861/9626052980,PEUGEOT
3577 ECB,VE0440301,21208 E,094962/9629861180,PEUGEOT
3577 ECB,VE0440554,21208 EGNC,,PEUGEOT
3616 A,VA0440578,1423 A,0948A9-0948A0,PEUGEOT
3617 ECBS,VE0440598,21423 E,0949A8-0949C5,PEUGEOT
3798 A,VA0441091,1239 A,0948.91,PEUGEOT
381 AC,VA0440566,1075 A,7932582418,PEUGEOT
381 AC+0.4,VA0440566+04,1075 A+04,,PEUGEOT
381 AC+0.8,VA0440566+08,1075 A+08,,PEUGEOT
3842 A,VA0440574,1227 A,96150145,PEUGEOT
3843 E,VE0440595,21227 E,96150144,PEUGEOT
3844 AC,VA0441078,1420 A,0948.C2,PEUGEOT
3845 ECB,VE0441054,21420 E,0949.B1,PEUGEOT
3884 A,VA0440579,1424 A,0948.99,PEUGEOT
3885 ECB,VE0440599,21424 E,0949.99,PEUGEOT
4008 AC,VA0441429,1419 A,0948-C7,PEUGEOT
4009 ECB,VE0441430,21419 E,0949-C3,PEUGEOT
4010 A ,VA0440575,1228 A,96101886/96183535,PEUGEOT
4011 ECB ,VE0440596,21228 E,96101887,PEUGEOT
4034 AN,VA0440572,1224 A,97531079,PEUGEOT
4035 EPN,VE0440593,21224 E,97531046,PEUGEOT
4041 ECB,VE0010212,22183 E,99432837EC54-0652,PEUGEOT
4210 AX,VA0441689,1431 A,9675424780,PEUGEOT
4211 EX,VE0441690,21431 E,9675424980,PEUGEOT
108 A,VA3200866,1061 A,1113041000,RASTROJERO
108 A+0.8,VA3200866+08,1061 A+08,,RASTROJERO
1109 E,VE3200867,21061 E,1113041100,RASTROJERO
1109 E0.8,VE3200867+08,21061 E+08,,RASTROJERO
1253 E,VE3200865,1033 E,E41-14-2,RASTROJERO
1253 E+0.8,VE3200865+08,1033 E+08,,RASTROJERO
252 A,VA3200864,1033 A,E41-14-1,RASTROJERO
252 A+0.8,VA3200864+08,1033 A+08,,RASTROJERO
1207 E,VE0180399,21027 E,711045-2069914,RENAULT
1255 E,VE0180409,1034 E,5552842,RENAULT
1257 E,VE0180401,21035 E,5555263,RENAULT
1258 E,VE0180405,21058 E,7700505115,RENAULT
1261 ECP,VE0180403,21047 E,936981-206940,RENAULT
1287 ECP,VE0180407,21065 E,2069916-2214811,RENAULT
1294 E,VE0180994,21072 E,7702056965,RENAULT
1363 EGX,VE0180302,21055 EGNC,7702080678,RENAULT
1421EGX,VE0180287,21079 EGNC,7702057001,RENAULT
1458 E,VE0180412,21255 E,7700638247,RENAULT
1461 EGX,VE0180304,21072 EGNC,7702057759,RENAULT
206 A,VA0180398,1027 A,736150-2069913,RENAULT
21421 EB,VE0180431,21179 E,,RENAULT
23218 EBS,VE0180306,21356 EGNC,7700713790,RENAULT
23240 ECP,VE0180291,22140 E,7700663546,RENAULT
23309 ECBS,VE0180305,21355 EGNC,,RENAULT
23421 EBS,VE0180308,21357 E,7700100133 / 7701471705,RENAULT
254 A,VA0180408,1034 A,5530684,RENAULT
256 A,VA0180400,1035 A,5555751,RENAULT
258 A,VA0180404,1058 A,7700509771,RENAULT
260 A,VA0180402,1047 A,936979,RENAULT
287 AC,VA0180406,1065 A,2214280,RENAULT
294 AC,VA0180386,1072 AGNC,7702056057,RENAULT
3218 A,VA0180391,1356 AGNC,7700713788,RENAULT
3240 A,VA0180290,2140 A,7700663545,RENAULT
3308 AC,VA0180389,1355 AGNC,7702220678,RENAULT
3420 AB,VA0180307,21357 A,7700100131 / 7701471704,RENAULT
3452 A,VA0180423,1359 A,7700855926,RENAULT
3453 EB,VE0180424,21359 E,7700855927,RENAULT
3526 A,VA0180393,1360 AGNC,7700853390,RENAULT
3527 E,VE0180310,21360 EGNC,7700865934,RENAULT
3544 A,VA0180425,1362 A,7700110387,RENAULT
3545 EB,VE0180294,21362 E,7700110389,RENAULT
3560 AB,VA0180436,21358 A,7700864859,RENAULT
3561 EBS,VE0180309,21358 E,7700712327/716016,RENAULT
3598 A,VA0180124,1260 A,7701471378,RENAULT
3599 E,VE0180125,21260 E,7701471379/7701473354,RENAULT
3620 A ,VA0180421,1354 A,7701469266,RENAULT
3621 EB ,VE0180422,21354 E,7701469269,RENAULT
3626 A,VA0180419,1353 A,7701465172,RENAULT
3627 EB,VE0180420,21353 E,7700747324,RENAULT
363 A,VA0180384,1055 AGNC,7700682064,RENAULT
366 AB,VA0180397,21084 AGNC,7702086415,RENAULT
3714 A,VA0180395,1361 AGNC,,RENAULT
3715 EB,VE0180396,21361 EGNC,7700865449,RENAULT
3716 AC ,VA0180417,1261 A,7438610007,RENAULT
3717 ECB ,VE0180303,21261 E,7438610008,RENAULT
3860 A,VA0180413,1256 A,7701473184,RENAULT
3861 EB,VE0180414,21256 E,7701473183,RENAULT
3862 A ,VA0180427,1379 A,7701472986,RENAULT
3863 EB ,VE0180438,21379 E,7701473004,RENAULT
3864 A,VA0180415,1259 A,7701471279,RENAULT
3865 EB,VE0180416,21259 E,7701471280,RENAULT
4080 AN,VA0181483,1364 A,,RENAULT
4081 EPN,VE0181484,21364 E,,RENAULT
421 A,VA0180387,1079 AGNC,7702056989,RENAULT
458 A,VA0180411,1255 A,,RENAULT
461 A,VA0180410,1069 A,7700561319,RENAULT
1263 E,VE0760798,22025 E,3438131355,SCANIA
1374 ACSS,VA0760800,6403 A,242656-272804,SCANIA
1374 ACSS20º,VA0760057,22045 A,294674,SCANIA
1374 ECSS  ,VE0760058,22045 E,232018,SCANIA
23395 ECSS,VE0760012,22058 E,1100997-1397521,SCANIA
263 A,VA0760797,2025 A,3438131354,SCANIA
3663 ECBS,VA0760103,22066 A,1515743,SCANIA
3663 ECBS,VE0760102,22066 E,1328537,SCANIA
3802 ACB,VA0760215,22168 A,1319081,SCANIA
3803 ECS,VE0760216,22168 E,1360833,SCANIA
4242 AX,VA0761395,22667 A,1887056-1886946,SCANIA
4243 EX,VE0761394,22666 E,,SCANIA
3663 ECBS,VE0760102,22066 E,1328537,SCANIA
3972 A,VA0700758,1222 A,030 109 601 G,SEAT
3973 EX,VE0701141,21222 E,030 109 611 D,SEAT
1454 ECP,VE2250855,25351 E,41556-5400,SUBARU
454 AC,VA2250856,5351 A,41555-5400,SUBARU
1460 ES,VE0080326,25251 E,12915-73001,SUZUKI
23107 EPN ,VE0080325,1117 E,12915-82050,SUZUKI
3107 AN ,VA0080324,1117 A,12911-82000,SUZUKI
460 A,VA0080327,5251 A,12911-73001,SUZUKI
1442 E,VE0630729,21083 E,13715-34010,TOYOTA
1447 EP,VE0630727,21081 E,13715-25011,TOYOTA
1448 AP,VA0630732,1096 A,13711-40020,TOYOTA
1448 EP,VE0630733,21096 E,13715-40021,TOYOTA
1804 EPN,VE0631381,21095 E,13715-31070,TOYOTA
1809 E,VE0630735,1118 E,13715-64010,TOYOTA
3778 AN,VA0630739,21122 A,13711-17010,TOYOTA
3779 EBN,VE0630241,21122 E,13715-17010,TOYOTA
3892 AN ,VA0630259,1121 A,13711-58021,TOYOTA
3893 EPN ,VE0630260,21321 E,13715-58041,TOYOTA
4016 AN,VA0630213,1322 A,13711-0L020,TOYOTA
4017 EN,VE0630214,21322 E,13715-0L020,TOYOTA
442 A,VA0630728,1083 A,13711-34010/11,TOYOTA
443 AC,VA0630730,1093 A,13711-37/38010,TOYOTA
447 A,VA0630726,1081 A,13711-25011,TOYOTA
804 AN,VA0630731,1095 A,13711-31050,TOYOTA
809 A,VA0630734,1118 A,13711-64010,TOYOTA
1449 EP,VE0630738,21082 E,13715-24012/13,TOYOTA
1303 ECB,VE0700081,26208 E,068 109 611 C,VOLKSWAGEN
1305 ECP,VE0700021,21201 E,043 109 611,VOLKSWAGEN
1422 EB,VE0700062,21102 E,056 109 611 A,VOLKSWAGEN
1422 EGX,VE0700768,21102 EGNC,,VOLKSWAGEN
1452 E,VE0700755,21100 E,113 109 612,VOLKSWAGEN
1453 E,VE0700022,21101 E,311 109 612,VOLKSWAGEN
1814 ECP,VE0590708,21187 E,029 109 611 1,VOLKSWAGEN
1815 EB,VE0590703,21104 E,035 109 611 F,VOLKSWAGEN
1815 EGX,VE0700016,21104 EGNC,,VOLKSWAGEN
23238 EB,VE0590065,21605 EGNC,026 109 611 A,VOLKSWAGEN
23423ECBS,VE0130100,26154 E,9.6100.460.0024,VOLKSWAGEN
300 A,VA0700788,6207 A,068 109 601,VOLKSWAGEN
303 AC,VA0700082,6208 A,068 109 601 C,VOLKSWAGEN
3191 EB,VE0700286,21711 E,074 109 611,VOLKSWAGEN
3192 AC,VA0700766,1711 A,069 109 601 F,VOLKSWAGEN
3196 A,VA0700764,1710 A,028 109 601 B,VOLKSWAGEN
3197 EB,VE0700288,21710 E,028 109 611 E,VOLKSWAGEN
3310 A,VA0700757,1219 A,026 109 601-C,VOLKSWAGEN
3312 A,VA0590066,1204 AGNC,035 109 601 G,VOLKSWAGEN
3313 A,VA0700678,1705 AGNC,048 109 601 A,VOLKSWAGEN
3334 AC,VA0210153,2077 A,3924492-3802463,VOLKSWAGEN
3335 ECP,VE0210152,22177 E,3921444-3802085,VOLKSWAGEN
3422AC,VA0130101,6154 A,9.6100.460.0034,VOLKSWAGEN
3466 AC,VA0210151,2078 A,3920867-3802355,VOLKSWAGEN
3467 ECB,VE0210150,22078 E,3920868-3802356,VOLKSWAGEN
3482 AB,VA0700780,21927 A,028 109 601 H,VOLKSWAGEN
3483 EB,VE0700781,21927 E,046 109 611 F,VOLKSWAGEN
3484 A,VA0700088,1708 A,048 109 601 E,VOLKSWAGEN
3485 EBS,VE0700087,21708 EGNC,,VOLKSWAGEN
3485 EBS,VE0700190,21708 E,048 109 611 B,VOLKSWAGEN
3486 A,VA0700089,1718 A,078 109 601 B,VOLKSWAGEN
3488 AS,VA0700242,1707 A,058 109 601 C,VOLKSWAGEN
3489 ECBS,VE0700243,21707 E,058 109 611 E,VOLKSWAGEN
3508 A,VA0700009,1217 A,036 109 601 R,VOLKSWAGEN
3509 EB,VE0700008,21217 E,036 109 611 J,VOLKSWAGEN
3512 A,VA0700028,1207 A,030 109 601 AG,VOLKSWAGEN
3513 EB,VE0700027,21207 E,030 109 611 N,VOLKSWAGEN
3602 A,VA0590067,1134 A,026 109 601-D,VOLKSWAGEN
3786 A,VA0700762,1709 A,028 109 601 D,VOLKSWAGEN
3787 EBS,VE0700295,21709 E,028 109 611 G,VOLKSWAGEN
3868 A,VA0700863,1712 A,030109601 AP,VOLKSWAGEN
3869 EB,VE0700508,21712 E,030109611 AE,VOLKSWAGEN
3870 A,VA0700074,1713 A,036109601 AE,VOLKSWAGEN
3871 EB,VE0700073,21713 E,036109611 T,VOLKSWAGEN
3886 A,VA0700252,1188 A,032 109 601 P/M,VOLKSWAGEN
3887 EB ,VE0700268,21188 E,032 109 611 M/L,VOLKSWAGEN
3972 A,VA0700758,1222 A,030 109 601 G,VOLKSWAGEN
3973 EX,VE0701141,21222 E,030 109 611 D,VOLKSWAGEN
422 AC,VA0700061,1102 AGNC,056 109 601 A,VOLKSWAGEN
452 A,VA0700754,1100 A,113 109 601 B/A,VOLKSWAGEN
453 A,VA0700756,1101 A,311 109 601,VOLKSWAGEN
814 AC,VA0590044,1187 A,029 109 601 1,VOLKSWAGEN
815 AC,VA0700017,1104 AGNC,035 109 601 C,VOLKSWAGEN
4104 A,VA0701558,1292 A,03L 109 601,VOLKSWAGEN
4105 EB,VE0701559,21292 E,03L 109 611,VOLKSWAGEN
3886 A,VA0700252,1188 A,032 109 601 P/M,VOLKSWAGEN
1582 ECP,VE0710120,22117 E,468303,VOLVO
1861 ECP,VE0710064,22116 E,467855-8194224,VOLVO
3888 AC,VA0711383,2217 A,3978768,VOLVO
3889 ECB,VE0711384,22217 E,3978766,VOLVO
3914 ACB,VA0710203,25712 A,1547492-3169490,VOLVO
4218 AX,VA0711398,22511 A,20740798,VOLVO
4219 EX,VE0711399,22511 E,20768523-20768519,VOLVO
582 AC,VA0710121,2117 A,468302,VOLVO
860 AC,VA0710063,2116 A,469240-4675002-8194223,VOLVO
862 AC,VA0711447,5713 A,477447,VOLVO
